reservation_id,start_time,end_time,people_count,status,order_amount,user_id,cafe_id
32b7b7a0-83cb-4a22-81f5-93adc1d77a91,2025-07-10 14:00:00,2025-07-10 17:00:00,1,completed,27555,8d186383-1d54-42bc-a1fd-b14f59cb1a1a,3db3b9c5-8b7c-46aa-bb3c-46c67240579a
28d8b097-3bc8-4bf8-b0ab-1e1adb628737,2025-07-25 16:00:00,2025-07-25 20:00:00,1,completed,27988,32327dc3-7a8d-4618-8361-263023b65593,3db3b9c5-8b7c-46aa-bb3c-46c67240579a
bf3cb6c5-1de6-4fee-8820-7529dc2bd992,2025-07-16 21:00:00,2025-07-16 22:00:00,2,cancelled,22664,07b278a0-6221-4659-889a-ef4d00d176d7,3db3b9c5-8b7c-46aa-bb3c-46c67240579a
64681428-ca56-40e4-bc89-8b6691dfab38,2025-07-19 21:00:00,2025-07-19 23:00:00,1,cancelled,25826,7c3c1539-83ef-4dc1-9643-1670fb393d43,3db3b9c5-8b7c-46aa-bb3c-46c67240579a
9cc0e783-0364-4e42-a9c0-ef92abe8cd7f,2025-07-16 11:00:00,2025-07-16 14:00:00,4,cancelled,16897,a3c946ee-39f9-4455-ab45-3d1e55aa5718,3db3b9c5-8b7c-46aa-bb3c-46c67240579a
6852e6b5-07d5-4d54-b56a-de7b2b861f66,2025-07-09 23:00:00,2025-07-10 02:00:00,3,reserved,23260,cc701700-0306-452a-aee5-2252149b4f30,3db3b9c5-8b7c-46aa-bb3c-46c67240579a
353c67cc-a627-4ad9-8d57-a16ef09c6608,2025-07-27 10:00:00,2025-07-27 11:00:00,3,completed,12333,ceb4f865-aeaa-4166-9426-a49b021b0e12,3db3b9c5-8b7c-46aa-bb3c-46c67240579a
d48c2403-e107-486e-b4c1-d27d1414453c,2025-07-12 09:00:00,2025-07-12 13:00:00,4,cancelled,27484,71103b15-3298-41dc-9530-516d11234e09,3db3b9c5-8b7c-46aa-bb3c-46c67240579a
8102dd72-bca6-40ab-b756-9969d8f966a8,2025-07-28 15:00:00,2025-07-28 16:00:00,3,reserved,26589,6f112373-d948-46e4-9baf-574fb9e69c6b,3db3b9c5-8b7c-46aa-bb3c-46c67240579a
c9961b09-231e-4a39-a0cc-59758caf660d,2025-07-21 20:00:00,2025-07-22 00:00:00,1,cancelled,19060,48a0b0ad-5dd4-47c2-ad82-4e7ca8d4a71e,3db3b9c5-8b7c-46aa-bb3c-46c67240579a
2f07d239-ddd6-41e6-bd0e-e524a1e7634e,2025-07-26 16:00:00,2025-07-26 19:00:00,1,cancelled,20549,7c224101-be87-457e-8371-b9aaac25dd83,3db3b9c5-8b7c-46aa-bb3c-46c67240579a
09c0047c-ee42-4233-8ea0-2b1a11f8b164,2025-07-20 09:00:00,2025-07-20 12:00:00,3,completed,11632,ea804015-4e53-46ae-874b-1967adc47ce9,3db3b9c5-8b7c-46aa-bb3c-46c67240579a
97f8a5bb-acb9-4349-bf1b-619d329321d3,2025-07-17 12:00:00,2025-07-17 14:00:00,4,completed,22452,a5acd1b0-f85c-4874-b41f-c9e9a1cd2f8f,3db3b9c5-8b7c-46aa-bb3c-46c67240579a
f2ae1bde-d018-4c57-b11d-d6cbd23e95c6,2025-07-19 13:00:00,2025-07-19 15:00:00,4,cancelled,13374,b1f4304b-5d2e-4329-9e1d-4fcfeb5864ed,3db3b9c5-8b7c-46aa-bb3c-46c67240579a
6ba93057-b550-4f56-bda8-7b165a00c37c,2025-07-26 15:00:00,2025-07-26 19:00:00,3,completed,18430,89fb686d-7f30-42d4-9e3b-c22e6cf49f19,3db3b9c5-8b7c-46aa-bb3c-46c67240579a
769fe4b1-342b-43fe-8d1d-3c915692eba0,2025-07-20 15:00:00,2025-07-20 19:00:00,2,cancelled,27658,14e59db0-1ff4-4093-ac09-59e19b9468ee,3db3b9c5-8b7c-46aa-bb3c-46c67240579a
caa82ca1-cd90-4447-bb4a-11e82dd46859,2025-07-18 13:00:00,2025-07-18 16:00:00,3,reserved,26315,a5507513-6961-4356-af8c-ce524fadc15b,3db3b9c5-8b7c-46aa-bb3c-46c67240579a
685ab22d-029c-4c54-943c-91423cfaa930,2025-07-26 11:00:00,2025-07-26 14:00:00,1,reserved,26251,930f7840-2163-4373-91fb-fe32d5b3ffc5,3db3b9c5-8b7c-46aa-bb3c-46c67240579a
23410037-266c-4cec-8b5d-7e3235e0fedc,2025-07-10 18:00:00,2025-07-10 22:00:00,4,completed,25867,8cff7bc4-530d-4f07-8c09-9996a212c76e,3db3b9c5-8b7c-46aa-bb3c-46c67240579a
d3f87b2a-ca53-4643-812e-308d56840efa,2025-07-17 16:00:00,2025-07-17 18:00:00,3,reserved,14739,4169cf63-3d63-40c5-9ea4-98742b8a9484,3db3b9c5-8b7c-46aa-bb3c-46c67240579a
84c03b5e-97d3-410f-8698-9bf1ef95a82e,2025-07-25 10:00:00,2025-07-25 11:00:00,2,reserved,24345,d136b977-80c4-41c2-8536-5fa99d5a46d3,3db3b9c5-8b7c-46aa-bb3c-46c67240579a
a00728d7-5093-40cb-a151-0d6eecc36e66,2025-07-12 14:00:00,2025-07-12 16:00:00,4,reserved,24289,57d0ce41-8b6d-4af8-9119-9879e1e95cb5,3db3b9c5-8b7c-46aa-bb3c-46c67240579a
02dc84dd-7d8f-485b-891d-189845709fba,2025-07-26 21:00:00,2025-07-27 01:00:00,3,completed,9970,773962fd-adb9-47fb-a733-44cd9a70ccac,3db3b9c5-8b7c-46aa-bb3c-46c67240579a
2052c96c-49f6-4ef4-ab0a-9855f56807b4,2025-07-23 09:00:00,2025-07-23 12:00:00,1,reserved,14991,5650eb79-4359-42a0-b341-9bbe39078692,3db3b9c5-8b7c-46aa-bb3c-46c67240579a
a37957e5-e17e-45a3-b1a2-f7b7e4e07d9f,2025-08-02 16:00:00,2025-08-02 20:00:00,3,cancelled,22379,11e22fe4-4a7a-416a-92af-96aeae81ff26,3db3b9c5-8b7c-46aa-bb3c-46c67240579a
dfc606e0-aff9-4a23-9dbe-9d07fca463a2,2025-07-24 18:00:00,2025-07-24 19:00:00,2,reserved,12449,1aa9e854-e25a-4050-97ee-e6fa05b19605,3db3b9c5-8b7c-46aa-bb3c-46c67240579a
cca6ed86-c3f9-4967-85e5-bb286eaf824a,2025-07-17 17:00:00,2025-07-17 19:00:00,3,cancelled,8267,22e92bfb-010b-4f33-a92b-400d9eadd2cf,3db3b9c5-8b7c-46aa-bb3c-46c67240579a
f5770bbc-acfc-448e-ac89-844c76a0b398,2025-07-14 16:00:00,2025-07-14 20:00:00,3,reserved,22712,ed109958-0c0d-49f6-b804-8515452c6fdf,3db3b9c5-8b7c-46aa-bb3c-46c67240579a
e1e1cfdd-a8ab-4897-b897-097376361d73,2025-07-09 10:00:00,2025-07-09 13:00:00,1,cancelled,7692,d97762ba-25ea-43b6-8ca4-5d5587aa11fb,3db3b9c5-8b7c-46aa-bb3c-46c67240579a
6403abcf-6ecf-43f1-9b71-e83df41c339f,2025-07-25 16:00:00,2025-07-25 20:00:00,1,reserved,26700,34b7ace9-05f8-4c23-b8be-a5ccc65a84f4,3db3b9c5-8b7c-46aa-bb3c-46c67240579a
c73a282f-11da-42db-b15b-869dd8a3a851,2025-07-19 16:00:00,2025-07-19 17:00:00,4,completed,15715,6932e4bb-d5eb-44cd-8225-2cec062f4e2f,3db3b9c5-8b7c-46aa-bb3c-46c67240579a
e3111ae5-673d-4391-87ae-f1a77a0f1bea,2025-08-03 12:00:00,2025-08-03 13:00:00,1,cancelled,11198,25856777-ac06-4177-a096-48db2c9efb09,3db3b9c5-8b7c-46aa-bb3c-46c67240579a
75df69fa-198a-4c47-83f8-1dad48a30c7a,2025-07-15 20:00:00,2025-07-15 23:00:00,4,reserved,27512,1f1a9811-0c06-4e13-97be-329ca3f427ff,3db3b9c5-8b7c-46aa-bb3c-46c67240579a
beb1a7a2-e87f-40f7-aeb7-80e3765a32ef,2025-07-07 21:00:00,2025-07-08 00:00:00,2,cancelled,26765,36d19f6f-f638-4ccf-95d5-19057eaa963a,3db3b9c5-8b7c-46aa-bb3c-46c67240579a
f6b35ccf-b851-4406-aaf9-0473204fa97a,2025-07-19 17:00:00,2025-07-19 19:00:00,4,cancelled,13552,ebe909a6-c577-4756-8bb0-3d326f5464f6,3db3b9c5-8b7c-46aa-bb3c-46c67240579a
ec005d82-055b-42d9-b3fe-088c19ddd1af,2025-07-30 09:00:00,2025-07-30 10:00:00,3,reserved,27270,e53b3200-7383-4882-87b4-df0635198a8e,3db3b9c5-8b7c-46aa-bb3c-46c67240579a
14bd4056-8f3f-4761-bf6b-65d128d242f6,2025-07-05 09:00:00,2025-07-05 13:00:00,3,reserved,29175,86002e00-1a41-4d5a-9672-3dea5b824bf6,3db3b9c5-8b7c-46aa-bb3c-46c67240579a
d491aced-38af-42d6-a3b4-b2899b50dcf4,2025-07-22 21:00:00,2025-07-22 23:00:00,3,completed,23647,c448ca0e-b7c5-418a-a220-527563b56d32,3db3b9c5-8b7c-46aa-bb3c-46c67240579a
61eaacd4-4cea-4fcc-a10c-5030a3acff7c,2025-08-02 15:00:00,2025-08-02 16:00:00,3,completed,9497,0c8e57cd-d917-46cf-ba96-2802b639bf9d,3db3b9c5-8b7c-46aa-bb3c-46c67240579a
7014c5ed-82fb-4b42-82d0-366d87f3ab37,2025-07-13 23:00:00,2025-07-14 03:00:00,1,reserved,15121,5bec0657-735e-4301-814f-4db516948ead,3db3b9c5-8b7c-46aa-bb3c-46c67240579a
ceeb362b-a781-43d9-9ac4-244d34fccc39,2025-07-15 23:00:00,2025-07-16 01:00:00,4,cancelled,12474,122b326b-ddf2-4440-a499-5988dc7d5349,3db3b9c5-8b7c-46aa-bb3c-46c67240579a
4695c063-594b-4c6a-8e6f-ad89ee5125db,2025-07-29 14:00:00,2025-07-29 18:00:00,3,reserved,24402,c22e866e-0610-44ea-87de-b8d2f5facb51,3db3b9c5-8b7c-46aa-bb3c-46c67240579a
e62fe3eb-4a06-48f3-9539-1357f88400ae,2025-07-08 23:00:00,2025-07-09 03:00:00,4,reserved,23027,efd4daa3-0b9b-4a78-bd7d-7f2732a6a61b,3db3b9c5-8b7c-46aa-bb3c-46c67240579a
065daf87-e190-4439-ad6f-d62058b5a680,2025-07-22 12:00:00,2025-07-22 14:00:00,4,completed,22580,f165da34-9c05-4221-9a54-14c28c55f863,3db3b9c5-8b7c-46aa-bb3c-46c67240579a
2972c78a-9ce8-4401-8db3-8b5448da32de,2025-07-17 19:00:00,2025-07-17 22:00:00,1,reserved,21296,1bf63f7c-0f28-4aba-ac11-cb17fe7109eb,3db3b9c5-8b7c-46aa-bb3c-46c67240579a
a534d2ab-b82f-42f4-8cbd-a145af257b64,2025-07-30 23:00:00,2025-07-31 01:00:00,3,reserved,26893,a194a5c5-e60b-4372-b080-2c8c6a5347ef,3db3b9c5-8b7c-46aa-bb3c-46c67240579a
6d1aebe9-da74-4126-ac86-9f4e75476e29,2025-07-09 13:00:00,2025-07-09 15:00:00,2,reserved,25355,efd91dca-2db3-411a-b3a2-98fe8be64e5a,3db3b9c5-8b7c-46aa-bb3c-46c67240579a
a9375ae4-20a4-46b4-b7bc-4520cbf0046d,2025-07-26 21:00:00,2025-07-27 01:00:00,2,reserved,8734,0cbd2b2f-abeb-412c-974f-6f8eb6ae8e05,3db3b9c5-8b7c-46aa-bb3c-46c67240579a
192b35da-4581-4e26-844b-395f5374728a,2025-07-15 21:00:00,2025-07-15 23:00:00,2,completed,14856,55a79f50-862e-483c-aff5-fa2d2dadaaca,3db3b9c5-8b7c-46aa-bb3c-46c67240579a
66cb4b5c-82ce-4957-a4e7-5abe982b29d6,2025-07-14 23:00:00,2025-07-15 00:00:00,4,reserved,25530,ea1d83b6-eb13-4d83-8713-842c84db0f6d,3db3b9c5-8b7c-46aa-bb3c-46c67240579a
ad673427-2793-4c37-a4c4-452b61470e49,2025-07-06 13:00:00,2025-07-06 17:00:00,3,completed,16641,8cfea118-c23c-493c-a702-5744c3f5f892,3db3b9c5-8b7c-46aa-bb3c-46c67240579a
01c51cda-c4a2-4aeb-9a98-4cc25f3470f1,2025-07-06 17:00:00,2025-07-06 19:00:00,4,reserved,7789,0d1bd18c-00d0-411a-8b5c-1236f5a20632,3db3b9c5-8b7c-46aa-bb3c-46c67240579a
a75221e8-9465-42e4-9e4c-063236d1a37b,2025-08-03 18:00:00,2025-08-03 21:00:00,2,completed,26269,0142bf9f-d9f0-4039-ba45-423d40ff7541,3db3b9c5-8b7c-46aa-bb3c-46c67240579a
3378d617-4e97-43be-bb15-bf89423e422a,2025-07-20 22:00:00,2025-07-21 00:00:00,3,reserved,26138,f5da6910-e120-4669-8328-6d9ff116bb5e,3db3b9c5-8b7c-46aa-bb3c-46c67240579a
bd2eff33-2fe6-4224-a18c-8e97a85c7c6e,2025-07-11 15:00:00,2025-07-11 16:00:00,3,completed,7092,982a599e-a02d-4640-bd23-804903895b43,3db3b9c5-8b7c-46aa-bb3c-46c67240579a
461bb0de-50f3-42b5-b2ea-99ba71e83ae7,2025-07-08 20:00:00,2025-07-08 22:00:00,2,reserved,13138,a99d986a-7674-4793-9fab-0e5120688656,3db3b9c5-8b7c-46aa-bb3c-46c67240579a
f1c53bbd-3c4b-4c08-a7bd-8bfaf39feea5,2025-07-20 12:00:00,2025-07-20 16:00:00,3,reserved,28138,096554b0-4000-4aa7-8a7d-b6b9b634fece,3db3b9c5-8b7c-46aa-bb3c-46c67240579a
56793837-978a-4db6-a8ea-5bec3b7a2883,2025-07-11 09:00:00,2025-07-11 12:00:00,4,reserved,8671,268b996c-5d77-4113-bf50-bee0d9d5b1a4,3db3b9c5-8b7c-46aa-bb3c-46c67240579a
17f9426b-da23-4cf9-aaed-fe63c0e3eeb7,2025-07-19 12:00:00,2025-07-19 16:00:00,1,completed,19042,e4c12922-efbd-4906-967d-8ac30dcc17ac,3db3b9c5-8b7c-46aa-bb3c-46c67240579a
838cb780-65b7-4698-b545-f85ca82b6c3d,2025-07-06 09:00:00,2025-07-06 11:00:00,3,reserved,23088,a3b3ff66-254d-4cfa-aeb5-400db43559be,3db3b9c5-8b7c-46aa-bb3c-46c67240579a
1ef8e622-e725-41c2-adf7-dbb306ac40ff,2025-07-11 16:00:00,2025-07-11 18:00:00,3,completed,21857,7d78e6ab-7c1a-4fee-825c-db30ad622f8a,3db3b9c5-8b7c-46aa-bb3c-46c67240579a
76fbd1bb-e5ee-4440-892f-7d070f1341cb,2025-07-30 10:00:00,2025-07-30 13:00:00,3,completed,15717,78b508d9-2cd2-4a1a-8a52-b48f3604d770,3db3b9c5-8b7c-46aa-bb3c-46c67240579a
2e1d97c3-0032-40ee-90b3-60ae3c15a749,2025-07-05 15:00:00,2025-07-05 17:00:00,4,completed,21805,25809c77-ff96-4ad3-adfb-b883070d5430,3db3b9c5-8b7c-46aa-bb3c-46c67240579a
76e0c54e-0b24-436b-a531-069d45a5db8e,2025-07-20 17:00:00,2025-07-20 19:00:00,1,completed,8406,25cd379e-33dd-4299-8bba-fca2b361590e,3db3b9c5-8b7c-46aa-bb3c-46c67240579a
b0e2d248-28e9-4153-a998-9256acfada12,2025-07-27 14:00:00,2025-07-27 16:00:00,1,reserved,15432,a72d8da3-e39a-48ab-8953-fd05e09f4aad,3db3b9c5-8b7c-46aa-bb3c-46c67240579a
d5df64ec-eaad-4d93-b4d8-c512485b7707,2025-07-19 12:00:00,2025-07-19 14:00:00,1,reserved,23636,e8664575-09c2-4faf-a6ee-7208bb2a73dd,3db3b9c5-8b7c-46aa-bb3c-46c67240579a
09ea653e-7150-4817-88af-7f58d17e86c1,2025-07-13 16:00:00,2025-07-13 18:00:00,2,reserved,26515,d41f9160-cc82-4582-88d3-7cbddbc0c294,3db3b9c5-8b7c-46aa-bb3c-46c67240579a
eab9d134-fe9e-43c8-8bb5-3b3b6a983919,2025-07-10 18:00:00,2025-07-10 20:00:00,1,reserved,7428,bdf16761-faec-4000-ab9b-7e75b41aaaba,3db3b9c5-8b7c-46aa-bb3c-46c67240579a
0a4b529d-9e5e-4586-bf5b-b8d0c0a16902,2025-08-04 16:00:00,2025-08-04 20:00:00,1,reserved,26376,6bf93caf-0dcf-44a7-8e0a-948ae1c9a65e,3db3b9c5-8b7c-46aa-bb3c-46c67240579a
588b288d-55ab-42a9-9753-d2a377d57b69,2025-07-17 18:00:00,2025-07-17 21:00:00,1,reserved,28495,dcbef424-397c-46ac-9f48-c055e7b6ae90,3db3b9c5-8b7c-46aa-bb3c-46c67240579a
eb6e9f6c-526b-48d8-a6f0-b223d8e5531e,2025-07-09 21:00:00,2025-07-09 22:00:00,4,reserved,22586,05f81b66-c15b-4a08-9902-e9421ce81fb5,3db3b9c5-8b7c-46aa-bb3c-46c67240579a
c608b971-e4e9-44ce-acca-3919af893dd6,2025-07-29 15:00:00,2025-07-29 17:00:00,1,completed,25391,6898ca5a-cb8e-40cc-9f23-923081ff6c66,3db3b9c5-8b7c-46aa-bb3c-46c67240579a
59f83893-6afc-4bd7-bbd4-2ed3835f7079,2025-07-28 13:00:00,2025-07-28 15:00:00,2,reserved,8590,89de3c30-2878-428c-94e2-47b05c96bee8,3db3b9c5-8b7c-46aa-bb3c-46c67240579a
3c9c86cd-380a-4268-96e5-f1d10845d292,2025-07-11 17:00:00,2025-07-11 20:00:00,4,completed,23374,716691ed-d7b8-4e37-841e-4a39bed9535b,3db3b9c5-8b7c-46aa-bb3c-46c67240579a
5e941c6a-a3d1-4816-8f6b-9a62c05a475e,2025-08-01 11:00:00,2025-08-01 15:00:00,3,reserved,21212,d185647c-8d50-44ce-a739-aa5ed57372be,3db3b9c5-8b7c-46aa-bb3c-46c67240579a
d4d2ad73-afdc-499f-b59d-2dde3ccbc451,2025-07-09 23:00:00,2025-07-10 03:00:00,1,reserved,16709,b88bb1a2-8341-4ff0-ad03-b4e36a3db064,3db3b9c5-8b7c-46aa-bb3c-46c67240579a
79dbec5d-e64e-4f22-ba2d-ede6018f19a5,2025-07-06 19:00:00,2025-07-06 20:00:00,2,reserved,15719,69d47816-263a-4431-967d-fcd4da4f557c,3db3b9c5-8b7c-46aa-bb3c-46c67240579a
62bbae61-fb0a-4dbf-858e-8e9ee374f3b9,2025-07-30 12:00:00,2025-07-30 16:00:00,4,reserved,28163,09fed744-817a-4822-b56b-975e385ac19a,3db3b9c5-8b7c-46aa-bb3c-46c67240579a
21dcccfa-4317-473f-84a2-1e2e2ed06eec,2025-07-22 16:00:00,2025-07-22 20:00:00,2,reserved,6533,0e9d065a-0fbd-4581-9104-528122f972c5,3db3b9c5-8b7c-46aa-bb3c-46c67240579a
38539303-f190-4df5-8acd-2217460e0b75,2025-07-16 16:00:00,2025-07-16 20:00:00,3,completed,25055,51c72aca-2036-4b2a-bda6-aef361a5b194,3db3b9c5-8b7c-46aa-bb3c-46c67240579a
213d4e5e-ba51-450d-a68f-578dc3b3e345,2025-07-23 20:00:00,2025-07-23 21:00:00,1,reserved,15083,eecc1f5b-dfd9-4307-84a1-414a8d84e808,3db3b9c5-8b7c-46aa-bb3c-46c67240579a
9f891e04-9199-4318-ae94-cbdd97c7dc7f,2025-07-06 16:00:00,2025-07-06 19:00:00,4,reserved,23084,4f216189-124e-4ba7-a518-7ac48c8aee12,3db3b9c5-8b7c-46aa-bb3c-46c67240579a
89c9c395-ab24-42a6-99d2-aa72710730b7,2025-07-22 12:00:00,2025-07-22 14:00:00,4,reserved,29843,41054bf7-f627-46e7-829a-62e5c70f341e,3db3b9c5-8b7c-46aa-bb3c-46c67240579a
5feeb037-4e22-4e19-a081-371582664025,2025-07-14 18:00:00,2025-07-14 21:00:00,3,completed,19536,45ae8b17-be4f-4479-8c75-c19ee5b230c6,3db3b9c5-8b7c-46aa-bb3c-46c67240579a
89be3c37-ecd7-48f2-b9bf-074bec1c5e1e,2025-07-29 20:00:00,2025-07-29 22:00:00,1,completed,11688,83335b6e-74ce-4e93-a017-695a855c4d58,3db3b9c5-8b7c-46aa-bb3c-46c67240579a
51f8ade8-688c-49e4-b286-057876b11eef,2025-07-28 22:00:00,2025-07-29 02:00:00,2,reserved,27760,42437b12-49b2-4e04-abdf-0a18802c39e1,3db3b9c5-8b7c-46aa-bb3c-46c67240579a
2c87e47f-eb57-483a-a066-b0a663412599,2025-07-24 16:00:00,2025-07-24 20:00:00,1,completed,11211,e29a626a-17bf-408b-83dd-3f77b7029036,3db3b9c5-8b7c-46aa-bb3c-46c67240579a
8fddac35-6e9a-4626-94e1-39a147215b1a,2025-08-02 19:00:00,2025-08-02 20:00:00,3,reserved,12221,e5fd0452-b856-4cec-a713-be56d18e8c48,3db3b9c5-8b7c-46aa-bb3c-46c67240579a
e311771d-9135-4bfb-b351-7f99519d506c,2025-07-13 10:00:00,2025-07-13 14:00:00,2,reserved,18977,22f13ce5-5ef5-4f47-ab46-13f1b41e257d,3db3b9c5-8b7c-46aa-bb3c-46c67240579a
4b62614b-260c-435e-963c-81fbacd9f91d,2025-07-09 23:00:00,2025-07-10 02:00:00,4,reserved,9757,f4fbf853-a675-4514-9ece-85fef5cc7da9,3db3b9c5-8b7c-46aa-bb3c-46c67240579a
a91124fa-cf56-4b08-818e-c4cacb8de50b,2025-07-24 10:00:00,2025-07-24 14:00:00,3,reserved,11238,f16de3c6-2bea-4518-8cdd-dd3fda538495,3db3b9c5-8b7c-46aa-bb3c-46c67240579a
613eb3ab-180b-4324-b9f0-3fcbda0c89b7,2025-07-13 13:00:00,2025-07-13 16:00:00,2,reserved,12036,985756ba-b129-44f1-8383-7f8036d6fc65,3db3b9c5-8b7c-46aa-bb3c-46c67240579a
26d5351d-0926-49de-b031-1d0323e3205d,2025-07-09 17:00:00,2025-07-09 18:00:00,1,reserved,7021,1d7fb382-d553-4056-b196-a9dad7b42ab0,3db3b9c5-8b7c-46aa-bb3c-46c67240579a
64d9d219-5e52-4e85-9df1-c38ddcc01036,2025-07-30 17:00:00,2025-07-30 21:00:00,4,reserved,16708,dc266719-36fe-41d3-82b5-06e9ca27809d,3db3b9c5-8b7c-46aa-bb3c-46c67240579a
f7ca00c1-4ed9-4bd3-9ccc-5038f38659cd,2025-07-28 16:00:00,2025-07-28 20:00:00,4,reserved,6526,9316bca7-249f-4838-9bc0-80d87bd99a19,3db3b9c5-8b7c-46aa-bb3c-46c67240579a
e4024653-6d6a-491c-ac8b-1a02025a8e99,2025-07-28 21:00:00,2025-07-28 22:00:00,1,reserved,26665,4af4ad15-ed8d-4f88-8d12-270c22258e8d,3db3b9c5-8b7c-46aa-bb3c-46c67240579a
c49814d3-75f8-454a-b394-c0e748dc5f00,2025-07-29 11:00:00,2025-07-29 13:00:00,3,reserved,6697,9a4dd1ba-5eeb-45df-bc4d-a863fade82de,3db3b9c5-8b7c-46aa-bb3c-46c67240579a
a29f524c-03d3-47e6-bccd-7fc729c2f4ba,2025-07-06 21:00:00,2025-07-07 00:00:00,2,reserved,19196,b30a642f-b6e3-4b9e-b693-7d381063a8d3,3db3b9c5-8b7c-46aa-bb3c-46c67240579a
7bab4668-6f72-4be4-ab66-e3e2215485d9,2025-07-21 09:00:00,2025-07-21 10:00:00,1,completed,26072,8fdc9b32-b3ac-4c6b-9bdd-94c1bb01f252,3db3b9c5-8b7c-46aa-bb3c-46c67240579a
689a9bde-abb1-4f7e-98f4-b17c66879099,2025-07-29 10:00:00,2025-07-29 14:00:00,2,reserved,21150,34e2c70f-1060-4412-824c-993b809843b1,3db3b9c5-8b7c-46aa-bb3c-46c67240579a
773621e0-5b92-4f8f-b323-62f448e9c9ad,2025-07-20 09:00:00,2025-07-20 12:00:00,1,completed,28583,dc857311-78c9-45b1-94b1-e93eaf846d92,52837d0f-3c13-4517-8189-8332a79debda
b6a9b675-afdf-413d-a45d-c5cf458ec3ab,2025-07-15 15:00:00,2025-07-15 16:00:00,3,reserved,18935,ce0fb672-e500-42bb-87eb-445cce2ce3b5,52837d0f-3c13-4517-8189-8332a79debda
2c778320-1e6a-4438-82a0-9da7c95c5fb0,2025-07-09 15:00:00,2025-07-09 18:00:00,4,cancelled,29509,be0c508a-2724-48a2-a9c6-643ecdd6d760,52837d0f-3c13-4517-8189-8332a79debda
677f1768-ff5a-4c30-ae9f-e320aa563162,2025-07-07 10:00:00,2025-07-07 14:00:00,7,completed,18342,4fefbcc1-8bf1-42cb-95db-88f1b78074a3,52837d0f-3c13-4517-8189-8332a79debda
5839d4a0-d38a-4ac8-8dba-c6938af27228,2025-07-18 22:00:00,2025-07-19 02:00:00,2,completed,11955,968a0f07-0b34-4535-9677-b13e27d66106,52837d0f-3c13-4517-8189-8332a79debda
fabd3505-1640-4873-b826-63c391b9592e,2025-07-08 23:00:00,2025-07-09 01:00:00,7,reserved,29035,4b1074d5-6084-474b-b752-203cdca25032,52837d0f-3c13-4517-8189-8332a79debda
1ae4646a-6a38-4b87-bb80-2ef754811f16,2025-07-18 19:00:00,2025-07-18 22:00:00,1,reserved,13797,200e3763-265e-4e74-a400-2e325264356a,52837d0f-3c13-4517-8189-8332a79debda
1f0ad681-00ea-4d65-b567-be3fc6153dd3,2025-07-23 22:00:00,2025-07-24 02:00:00,2,reserved,22679,b45f67de-f179-4e78-834b-f470346c8c41,52837d0f-3c13-4517-8189-8332a79debda
107e5cc2-0281-43b4-a3b3-276a9f268c5d,2025-07-26 22:00:00,2025-07-26 23:00:00,5,cancelled,6873,741c6d0f-7594-449c-9175-7b1b11d0ce47,52837d0f-3c13-4517-8189-8332a79debda
0fe4b0f8-63f8-49a0-bbc4-f6d0a3de0b8e,2025-08-04 19:00:00,2025-08-04 23:00:00,8,cancelled,29756,46d87c4b-edc3-46e2-9391-4227dae10ded,52837d0f-3c13-4517-8189-8332a79debda
92a37a74-e917-4f76-a632-e6b9308fccb2,2025-07-15 19:00:00,2025-07-15 21:00:00,8,reserved,7298,f76a5e94-87cc-4c3c-9af9-d21733bdcd01,52837d0f-3c13-4517-8189-8332a79debda
aa154dbb-19df-476c-86cb-306a34dff16e,2025-07-19 11:00:00,2025-07-19 14:00:00,2,reserved,13047,e8485ab2-62ec-4a1a-8077-248dad2621fe,52837d0f-3c13-4517-8189-8332a79debda
d1aae2dd-9d68-4549-8f87-252e83ed5f32,2025-08-04 14:00:00,2025-08-04 18:00:00,8,reserved,17861,e36d1004-250f-4f5d-8232-9d1c25589244,52837d0f-3c13-4517-8189-8332a79debda
609992b7-db02-4fce-abc4-a771316381e9,2025-07-22 14:00:00,2025-07-22 16:00:00,1,completed,10749,5bc8032b-e1e2-4976-b7c2-e0c520a5a81c,52837d0f-3c13-4517-8189-8332a79debda
bcccb4af-4a41-4cd8-ae13-ccce459ebbee,2025-07-31 18:00:00,2025-07-31 22:00:00,4,reserved,17166,0b70f3da-34af-4623-98c7-10d39a9abfde,52837d0f-3c13-4517-8189-8332a79debda
61640423-122b-4117-8aa4-6b8b4d4057e9,2025-07-14 16:00:00,2025-07-14 17:00:00,8,completed,8631,5b9ea871-5c60-42db-9dd1-064303c8b206,52837d0f-3c13-4517-8189-8332a79debda
d9de70ee-999b-44e7-b959-78df9a809ca7,2025-07-08 09:00:00,2025-07-08 12:00:00,3,cancelled,17174,01afe220-115c-44c0-bc78-568132237941,52837d0f-3c13-4517-8189-8332a79debda
e032722d-03bf-4fd4-b3b9-e0bb4ed5f1e6,2025-07-22 19:00:00,2025-07-22 21:00:00,8,reserved,8337,0db03fbd-251e-444c-948e-4f5e98e340bd,52837d0f-3c13-4517-8189-8332a79debda
cb0c0e8e-38b6-449a-98fb-59df5aa01641,2025-07-31 14:00:00,2025-07-31 16:00:00,6,reserved,23343,cd7d42d4-9c75-4029-882e-fa5f23ab1617,52837d0f-3c13-4517-8189-8332a79debda
3a60d748-b057-4868-95e5-8d1af412173e,2025-07-05 12:00:00,2025-07-05 16:00:00,2,reserved,23297,7bbb4796-38b1-4888-b2fc-28471f2993eb,52837d0f-3c13-4517-8189-8332a79debda
e790b768-5dbb-44d3-bec0-ab2e0c40ebae,2025-07-29 14:00:00,2025-07-29 16:00:00,4,cancelled,9105,97921097-248d-41f4-8343-b829c5cd8a41,52837d0f-3c13-4517-8189-8332a79debda
90e739a1-faa0-49dd-b0a0-6e6b9176a574,2025-07-28 21:00:00,2025-07-28 23:00:00,6,reserved,17655,b31b5150-dc87-47b1-bf10-fea1032dd140,52837d0f-3c13-4517-8189-8332a79debda
9bc600db-8d2f-4164-98ba-74d302ef1d99,2025-07-16 12:00:00,2025-07-16 15:00:00,1,reserved,20495,abab0d79-4af4-4d5f-9de0-2c735205a06d,52837d0f-3c13-4517-8189-8332a79debda
95968bb0-d3df-452e-ad62-9ca996ba457e,2025-07-29 19:00:00,2025-07-29 21:00:00,4,completed,22904,c1983af3-1529-4f2a-a1ba-7ade80cfed21,52837d0f-3c13-4517-8189-8332a79debda
534d19a4-d5ec-4a49-a3cf-e20f6112cc07,2025-07-23 14:00:00,2025-07-23 17:00:00,6,reserved,10196,6b5306b7-33b2-4587-94a6-6243352d9ae7,52837d0f-3c13-4517-8189-8332a79debda
b6fcd39f-4158-4a67-aa5c-b6b75914d433,2025-08-02 10:00:00,2025-08-02 13:00:00,6,cancelled,28504,923809a1-eb33-40b2-913f-4961ab1f3af8,52837d0f-3c13-4517-8189-8332a79debda
db00fb07-8d48-4016-ad89-643c34184b13,2025-07-24 13:00:00,2025-07-24 16:00:00,2,completed,17004,489a2a87-fa95-49c0-ac8c-d8c2ebfbfe1f,52837d0f-3c13-4517-8189-8332a79debda
d58ce7cb-e45d-41cf-b478-bba1cff1e780,2025-07-09 10:00:00,2025-07-09 11:00:00,2,reserved,28379,8c9ce95c-599b-4fac-95ea-0f8df95e5dde,52837d0f-3c13-4517-8189-8332a79debda
1abd5e33-15e4-4316-8610-63ad8a07242d,2025-07-24 10:00:00,2025-07-24 12:00:00,5,reserved,9676,679455a9-de44-4922-8740-d3a8f6decd68,52837d0f-3c13-4517-8189-8332a79debda
4829db46-1f71-4b4b-9592-a8f5fb9fc0a1,2025-07-24 10:00:00,2025-07-24 11:00:00,7,cancelled,11066,1298eb92-4279-430a-aea8-91487d79ecd1,52837d0f-3c13-4517-8189-8332a79debda
e2df8ac9-8731-4309-937c-778595a2a281,2025-08-01 22:00:00,2025-08-01 23:00:00,3,reserved,19055,ee3f6333-c15e-4543-8b2d-ca9510ab489b,52837d0f-3c13-4517-8189-8332a79debda
952e9578-efdf-4953-a980-bb0f5736cda2,2025-07-19 21:00:00,2025-07-19 23:00:00,8,cancelled,12753,e99c2fe6-04d8-4d09-9fc2-9e6189236136,52837d0f-3c13-4517-8189-8332a79debda
feec597d-0dcb-4d5e-ad18-21095df9e7b0,2025-07-29 11:00:00,2025-07-29 15:00:00,1,cancelled,14020,b832d29e-7f4b-4d09-abb6-2d05e3f4f99f,52837d0f-3c13-4517-8189-8332a79debda
4a2556ae-7cf2-48dc-9491-a770efaf2078,2025-07-13 20:00:00,2025-07-13 21:00:00,6,completed,10074,9f541c0d-e6eb-4bf4-9fa3-37512c01d41d,52837d0f-3c13-4517-8189-8332a79debda
47bb941d-4a7f-40a0-8291-c1269ac1f0dd,2025-07-14 15:00:00,2025-07-14 19:00:00,2,completed,18638,30884368-afe7-4d38-b3cd-4e7524492b59,52837d0f-3c13-4517-8189-8332a79debda
75a0fa35-f5eb-4ee9-b74e-4c5ca4c8744e,2025-07-05 11:00:00,2025-07-05 14:00:00,6,reserved,10893,6dbc9c93-5d27-4473-abba-ba80d28e9e94,52837d0f-3c13-4517-8189-8332a79debda
6b4c81a0-e35a-48a5-a98b-b69fd77456f5,2025-07-20 16:00:00,2025-07-20 17:00:00,5,cancelled,25684,258764c0-5a19-4974-9bbe-e36bd1e8a521,52837d0f-3c13-4517-8189-8332a79debda
a282d76a-1317-44b0-b062-ee5f4c5dc196,2025-07-09 22:00:00,2025-07-10 01:00:00,3,reserved,27645,36c0d1cc-9924-4daa-ac0f-0d8359feef6a,52837d0f-3c13-4517-8189-8332a79debda
683350a7-ba6c-417d-9234-003b8e710f89,2025-08-01 14:00:00,2025-08-01 18:00:00,1,completed,6551,fe6d9b86-5c93-4efc-a6f9-f6afc1cb1542,52837d0f-3c13-4517-8189-8332a79debda
2b41fcb1-c0ca-4e61-9e31-439bdea95e00,2025-07-25 23:00:00,2025-07-26 01:00:00,6,cancelled,29375,8dec0195-a782-4177-8dc5-c22fa6726056,52837d0f-3c13-4517-8189-8332a79debda
727d7d6c-c746-4159-ac2f-ca6780ce6883,2025-07-20 19:00:00,2025-07-20 21:00:00,5,reserved,11885,a24ae420-c29d-41ae-8fdc-9b6d119b3306,52837d0f-3c13-4517-8189-8332a79debda
35aa9e55-a6e7-4e4f-86b8-86b03594db1c,2025-07-24 15:00:00,2025-07-24 19:00:00,6,cancelled,8740,0381224b-ad20-4a5a-87ea-cbb4ce482c2e,52837d0f-3c13-4517-8189-8332a79debda
2c0a6b95-55e9-4d72-9cd6-9f9cb018adfe,2025-07-20 15:00:00,2025-07-20 16:00:00,8,reserved,11813,c223f361-bf6b-465c-b2bf-df0f9498b194,52837d0f-3c13-4517-8189-8332a79debda
201a04be-55d5-41bf-a1dd-34f532dd80f2,2025-07-05 13:00:00,2025-07-05 16:00:00,3,completed,10543,6de430d4-9057-49b6-b388-c00819865ff7,52837d0f-3c13-4517-8189-8332a79debda
ba657076-d60f-4926-a7d5-819ae5405ed6,2025-07-23 22:00:00,2025-07-24 01:00:00,7,completed,28044,587af492-8965-4c23-b8a7-baf09ba0d198,52837d0f-3c13-4517-8189-8332a79debda
adf98a58-51af-4d32-a4be-457489701cd8,2025-07-28 20:00:00,2025-07-28 21:00:00,4,cancelled,12618,9795293a-c381-4546-ae81-dd49306234d9,52837d0f-3c13-4517-8189-8332a79debda
bc3a0b36-99fe-43dd-922f-bcf51b837ef8,2025-07-15 20:00:00,2025-07-15 23:00:00,2,cancelled,25722,93e21b30-cf06-4ec6-affe-94f5a2e84272,52837d0f-3c13-4517-8189-8332a79debda
cfaba7e9-0798-4652-93b9-b9290311b690,2025-07-08 17:00:00,2025-07-08 21:00:00,1,cancelled,19747,f481cbe2-74f9-49de-86b4-889d264da54c,52837d0f-3c13-4517-8189-8332a79debda
47b50433-d02a-49d0-97cc-e7be2798cb6c,2025-07-20 13:00:00,2025-07-20 15:00:00,3,reserved,20132,81ea9c86-8eb5-4a11-995a-35d5b3d8d250,52837d0f-3c13-4517-8189-8332a79debda
d141d793-cfaf-4317-911a-f58b0e36b760,2025-08-03 13:00:00,2025-08-03 17:00:00,5,reserved,22714,e1cbb98c-0138-4322-99aa-228e6c4128fe,52837d0f-3c13-4517-8189-8332a79debda
35c5a07a-0336-4e74-b3fc-16266d8bb101,2025-07-09 23:00:00,2025-07-10 03:00:00,6,reserved,24831,7f480ec1-8e52-47c1-b7b1-ee32fd774b8a,52837d0f-3c13-4517-8189-8332a79debda
b899fd13-dfff-46e9-8f1b-1d7479febe2d,2025-07-25 10:00:00,2025-07-25 13:00:00,7,completed,23418,d85f42ee-803e-4f70-b202-a3a944c01592,52837d0f-3c13-4517-8189-8332a79debda
295a0a9b-a11a-473f-ac36-fab07d8dccb0,2025-07-29 12:00:00,2025-07-29 13:00:00,8,completed,6957,e15c7a41-5c72-4b4a-bd5a-543a1b97fa5b,52837d0f-3c13-4517-8189-8332a79debda
e73707a6-58ad-484a-ac66-d247dd6f07dc,2025-07-23 13:00:00,2025-07-23 16:00:00,3,reserved,7886,83b40832-0c63-4789-b38e-0e705c659b60,52837d0f-3c13-4517-8189-8332a79debda
aaed4a77-5ff2-4ad2-bbe9-b1549523e34f,2025-07-26 13:00:00,2025-07-26 15:00:00,8,completed,10218,22a02ece-8737-4855-b45a-07cd4ac81c13,52837d0f-3c13-4517-8189-8332a79debda
580eb4b0-156b-4302-8156-006c658fa56d,2025-07-30 18:00:00,2025-07-30 21:00:00,7,reserved,27333,2b0d56ef-db4a-47ef-b994-8c0bc17b37b4,52837d0f-3c13-4517-8189-8332a79debda
f7be0bfd-c724-4450-a4ef-f364dfa20636,2025-07-19 15:00:00,2025-07-19 19:00:00,5,reserved,23005,67229e3b-22d6-4b13-a2b1-210adc333eef,52837d0f-3c13-4517-8189-8332a79debda
0881f488-5235-4268-a7f3-f998e3d148d4,2025-07-31 23:00:00,2025-08-01 03:00:00,6,reserved,29425,49d5086b-907e-41d7-a662-e409e25092f8,52837d0f-3c13-4517-8189-8332a79debda
770dffdf-43e6-4f82-98f0-df3cf3702faa,2025-07-17 23:00:00,2025-07-18 00:00:00,7,reserved,8142,7f1740dc-bf9d-4fe7-b054-73153abb3479,52837d0f-3c13-4517-8189-8332a79debda
e5c82f0d-f327-4bfb-bd3a-7ff2b6651739,2025-07-20 23:00:00,2025-07-21 01:00:00,3,reserved,11400,e3f2248b-f112-44eb-a01d-416ba63c938b,52837d0f-3c13-4517-8189-8332a79debda
74e324a9-39b3-4ec7-82f8-c5082dda5f78,2025-07-24 20:00:00,2025-07-24 23:00:00,5,completed,29735,a272aa17-c3c6-4005-b68e-930186d60561,52837d0f-3c13-4517-8189-8332a79debda
68f830f4-e3c5-40fb-934f-dd447945b8f7,2025-07-09 18:00:00,2025-07-09 22:00:00,2,reserved,24465,b070ad8d-7ec4-48b1-a1a5-18cb8f836124,52837d0f-3c13-4517-8189-8332a79debda
fd247d28-8f43-4acb-a231-65d929ab89d4,2025-07-30 15:00:00,2025-07-30 18:00:00,7,completed,7711,2d399734-6d59-43e2-befa-f2af97c26691,52837d0f-3c13-4517-8189-8332a79debda
751eca0a-240b-41db-842f-38b19d493156,2025-07-11 18:00:00,2025-07-11 19:00:00,2,completed,24140,8c40211f-03e1-4108-a5b1-b6876e471230,52837d0f-3c13-4517-8189-8332a79debda
b362aa3a-2c5d-46ec-bc4b-f97660db5013,2025-08-02 10:00:00,2025-08-02 11:00:00,8,reserved,29616,79907604-c6b3-4f90-8b19-6c7039b0860e,52837d0f-3c13-4517-8189-8332a79debda
2c70cf59-32db-4230-a4b8-02e4bcdc6e13,2025-07-31 16:00:00,2025-07-31 17:00:00,6,completed,25647,b379e0ee-e433-4378-b199-0e6fdaa570d3,52837d0f-3c13-4517-8189-8332a79debda
2bcc7535-39c9-42b6-9803-afe36ccf71f8,2025-07-06 17:00:00,2025-07-06 21:00:00,1,reserved,8552,0a30f7d8-d30d-4443-981c-6b5e825cdb98,52837d0f-3c13-4517-8189-8332a79debda
8ba6bb1a-5b8e-43d4-8764-cb851a7ccf3a,2025-07-18 12:00:00,2025-07-18 16:00:00,6,completed,11343,784eff29-7c19-439b-8807-cdd58acf686a,52837d0f-3c13-4517-8189-8332a79debda
84fe6e5a-aa2b-4a04-b29e-3ece166e185e,2025-07-08 20:00:00,2025-07-08 22:00:00,6,reserved,12488,5d7bf4a7-207b-4b8e-89f8-58a6b3788831,52837d0f-3c13-4517-8189-8332a79debda
bd0aefaa-cdb3-4f17-9512-669494e8051c,2025-07-10 11:00:00,2025-07-10 12:00:00,4,reserved,15179,dde1e26d-9caf-4779-befb-b430f886325f,52837d0f-3c13-4517-8189-8332a79debda
44797230-6668-4b7a-a8aa-80f2e100f390,2025-07-19 12:00:00,2025-07-19 13:00:00,3,completed,19301,1e30eabf-1daf-4188-a399-c3501238eb81,52837d0f-3c13-4517-8189-8332a79debda
dec3ff99-d83a-4e46-bf22-7fbe14251aa9,2025-07-08 19:00:00,2025-07-08 22:00:00,4,reserved,22499,e8bd4afe-9fe4-410c-be33-d14cb0807cdd,52837d0f-3c13-4517-8189-8332a79debda
ef0c3232-482d-434e-bb43-0010df1354e7,2025-07-09 20:00:00,2025-07-09 23:00:00,5,reserved,9490,abd6ba47-1574-44dc-ad21-4b70fa45a27d,52837d0f-3c13-4517-8189-8332a79debda
df41e588-6116-4f01-ae9c-304caeb293cf,2025-08-01 20:00:00,2025-08-01 23:00:00,1,reserved,29007,80fc2cab-f32a-4226-8ae1-bb8ba82f8fb4,52837d0f-3c13-4517-8189-8332a79debda
738e0f94-26df-408a-8e14-c3a982dda9ce,2025-07-13 16:00:00,2025-07-13 18:00:00,4,reserved,22238,1df5ff46-b704-4555-b570-7d49d5590ec1,52837d0f-3c13-4517-8189-8332a79debda
f1a0e16a-3619-4f8d-adda-e35d1c27f315,2025-07-31 21:00:00,2025-08-01 00:00:00,3,reserved,28066,8efa95b5-55ec-4d37-8195-997d44ad7ede,52837d0f-3c13-4517-8189-8332a79debda
cf5da141-a2b5-4cc9-820a-c4fa17381461,2025-07-17 14:00:00,2025-07-17 18:00:00,8,completed,9489,5d2efec5-99a3-455a-8afb-b8acf0a63a39,52837d0f-3c13-4517-8189-8332a79debda
5867b050-8624-4f9d-ac4f-702facfd49fd,2025-07-21 22:00:00,2025-07-22 01:00:00,7,completed,22781,67efcfad-e124-42d2-afe8-595010ef088c,52837d0f-3c13-4517-8189-8332a79debda
a776982c-bf1d-49d5-b4f9-071736fe39e9,2025-07-18 12:00:00,2025-07-18 13:00:00,8,reserved,18432,e4553ecd-bf2d-4fd2-8f9c-912b060b56cd,52837d0f-3c13-4517-8189-8332a79debda
9ebcd4af-5ce9-4017-99f9-ecc897946ffd,2025-08-04 17:00:00,2025-08-04 20:00:00,3,completed,13365,e70d8e4f-c6b8-440d-adec-b14015a5fc9c,52837d0f-3c13-4517-8189-8332a79debda
939b08f1-2cea-4baf-8475-b234b8fc5f60,2025-07-22 14:00:00,2025-07-22 18:00:00,4,reserved,29519,aa7cebf5-2578-4c2a-979b-271413262752,52837d0f-3c13-4517-8189-8332a79debda
228a56a2-4990-479f-9b41-492fa0e3ff69,2025-07-18 09:00:00,2025-07-18 10:00:00,6,completed,20575,89c8dd93-a655-47b0-b1b5-a571d4a6f8b6,52837d0f-3c13-4517-8189-8332a79debda
8832a713-98be-4da9-b574-7cec568a63bc,2025-07-30 10:00:00,2025-07-30 13:00:00,4,reserved,8637,e3fa0333-2f53-45c5-9d63-ec7b0cc75242,52837d0f-3c13-4517-8189-8332a79debda
eaac8f7a-dbe9-4a60-b6c9-7db2bbbed64e,2025-07-18 18:00:00,2025-07-18 19:00:00,5,completed,15305,909a6efa-182a-4d6d-a50c-9aefe0711f4a,52837d0f-3c13-4517-8189-8332a79debda
f3ce25ec-5b26-40b7-bc12-5c66926e6ec3,2025-07-25 19:00:00,2025-07-25 20:00:00,8,reserved,29175,4d06b496-318d-47ba-bf4a-301d2edf7969,52837d0f-3c13-4517-8189-8332a79debda
8cc75424-161b-4429-8b36-48098db1d04c,2025-07-24 20:00:00,2025-07-24 21:00:00,1,completed,9411,2ad22f2e-311f-49f7-9152-a6e9c2d55ba2,52837d0f-3c13-4517-8189-8332a79debda
e9bedcc3-6d70-4e50-ae81-1d5badbbe309,2025-07-22 15:00:00,2025-07-22 18:00:00,4,reserved,25821,57ab4633-b5d2-4456-8bd8-1a4f149ce275,52837d0f-3c13-4517-8189-8332a79debda
fa4b22ec-3f86-4515-b53e-86b8ff755189,2025-07-23 13:00:00,2025-07-23 15:00:00,2,reserved,27621,e50859b7-0339-4303-8933-a4f707628bd7,52837d0f-3c13-4517-8189-8332a79debda
fff39ead-84b3-47b0-ba24-ee8137510036,2025-07-31 19:00:00,2025-07-31 23:00:00,1,completed,25625,d4009f86-5d01-4f57-9c51-3cf87c1786e8,52837d0f-3c13-4517-8189-8332a79debda
8faf9631-6c01-4fe9-aeb2-09350913ece7,2025-08-03 22:00:00,2025-08-03 23:00:00,6,completed,27002,fbaa9431-59da-4129-a1f1-64a4d4ac8d3f,52837d0f-3c13-4517-8189-8332a79debda
07b5b858-694f-408e-a9be-ea356db4e6a3,2025-07-28 17:00:00,2025-07-28 20:00:00,3,reserved,25352,787be569-f3fa-4c67-b61a-f3c98780e5c6,52837d0f-3c13-4517-8189-8332a79debda
dd4993cc-6280-4b73-96fc-f32a3f120f95,2025-07-06 20:00:00,2025-07-06 23:00:00,6,reserved,9192,09bef1a0-1188-4b83-b1f3-568a83da2784,52837d0f-3c13-4517-8189-8332a79debda
ac9547e6-9d25-4e55-8f3c-3a154fd3ac7f,2025-07-28 19:00:00,2025-07-28 20:00:00,7,completed,25197,d87946cf-0a7d-4609-89db-d1379b7bcb6d,52837d0f-3c13-4517-8189-8332a79debda
1e7a8850-b5c9-4517-8ae6-f227c9324cf8,2025-07-10 10:00:00,2025-07-10 12:00:00,1,completed,22612,ae937911-65d8-4a3d-ada2-bc8bc57fb527,52837d0f-3c13-4517-8189-8332a79debda
4a1396de-b44a-4772-8785-653802fb9601,2025-07-10 15:00:00,2025-07-10 19:00:00,7,reserved,23706,9748d5ef-c56e-4137-9a5f-b38e592fd39e,52837d0f-3c13-4517-8189-8332a79debda
32a14347-db3a-40ee-9f43-310595d58038,2025-07-23 21:00:00,2025-07-24 00:00:00,2,reserved,9935,449076b0-2102-44c2-8bd4-14c9d04addd6,52837d0f-3c13-4517-8189-8332a79debda
bbdd8177-0070-4641-b871-a69b189baab0,2025-07-05 09:00:00,2025-07-05 13:00:00,2,reserved,9025,78423ff9-efdb-481d-95f9-3062f74fb235,52837d0f-3c13-4517-8189-8332a79debda
6d108066-4c05-468b-ae8c-976525b80d5b,2025-07-09 14:00:00,2025-07-09 18:00:00,4,completed,24743,e5e9da02-ca29-4629-9ca9-3a5227ed3dc6,52837d0f-3c13-4517-8189-8332a79debda
b3f3f4fa-0150-48b2-837f-43c520172d33,2025-07-21 15:00:00,2025-07-21 17:00:00,2,reserved,11271,793fb551-76f8-46e8-b301-98587c3b0735,52837d0f-3c13-4517-8189-8332a79debda
49b99be3-4164-4f39-8cb6-3efd7e5c5604,2025-07-15 18:00:00,2025-07-15 19:00:00,3,completed,25926,49394b4e-c236-42d0-ac1c-32e1f94c34e8,52837d0f-3c13-4517-8189-8332a79debda
ea4847c4-8aff-45f9-a61f-0ea8e7468df2,2025-07-13 20:00:00,2025-07-13 23:00:00,2,cancelled,26990,8848ae09-270f-4d94-9514-2596efdf96ae,57fcffae-e4de-4c42-8b3b-c198cb813cb8
8b938e08-ea52-4f38-b62f-e9dc310792ea,2025-08-04 10:00:00,2025-08-04 12:00:00,4,cancelled,20429,e25111f7-08b0-4034-853a-740dbd1f4ad6,57fcffae-e4de-4c42-8b3b-c198cb813cb8
61578d42-cd66-49a4-b925-664970d6588f,2025-07-27 13:00:00,2025-07-27 17:00:00,3,completed,10587,0e2b2908-1240-4ecb-94e1-f1442eacf751,57fcffae-e4de-4c42-8b3b-c198cb813cb8
5c4d1b2d-e87c-4401-82b4-f401356c5e19,2025-07-24 10:00:00,2025-07-24 14:00:00,1,cancelled,24174,696dde03-3e9c-468d-b987-2773481103df,57fcffae-e4de-4c42-8b3b-c198cb813cb8
5435b7d0-8841-4d0a-8fd5-ab8dde4ba780,2025-07-29 12:00:00,2025-07-29 16:00:00,2,reserved,13003,20316768-259c-4c32-9c51-0574f08886ee,57fcffae-e4de-4c42-8b3b-c198cb813cb8
d6529c05-3242-4122-b584-b1f8e2bc5001,2025-07-09 21:00:00,2025-07-10 01:00:00,1,cancelled,13177,e41c809e-eb39-48a5-8945-c68490ebb677,57fcffae-e4de-4c42-8b3b-c198cb813cb8
44ced48e-592c-4703-bf51-d4048a7794a6,2025-07-16 09:00:00,2025-07-16 12:00:00,4,completed,19992,20e6750c-4dfa-4785-ba04-310e7efb613d,57fcffae-e4de-4c42-8b3b-c198cb813cb8
5a634ba3-9eeb-44a4-9708-6b32b70ec042,2025-07-25 11:00:00,2025-07-25 15:00:00,2,cancelled,20232,8b3fe53e-fed5-4e91-ae68-cbb8f1ef4bcf,57fcffae-e4de-4c42-8b3b-c198cb813cb8
cce14219-8e50-48a0-9e00-15fb06e945fb,2025-07-19 12:00:00,2025-07-19 16:00:00,4,reserved,17816,41e98857-cad6-4bbf-bc33-3eb75f1ff4f4,57fcffae-e4de-4c42-8b3b-c198cb813cb8
d8c6273c-443a-4faf-b0ef-72564ccb68dd,2025-07-25 23:00:00,2025-07-26 03:00:00,1,completed,19487,8dbd8727-c155-4194-87fc-23db384fdc02,57fcffae-e4de-4c42-8b3b-c198cb813cb8
5c1a50b3-9561-451c-96ab-54ef1c87c41b,2025-07-11 21:00:00,2025-07-12 00:00:00,1,completed,18425,56d929c8-135f-4194-8b77-a6a0034f178f,57fcffae-e4de-4c42-8b3b-c198cb813cb8
af9e65af-4f47-41db-b257-41101808748c,2025-07-18 22:00:00,2025-07-19 01:00:00,4,reserved,27595,187890a4-2365-4d01-9a75-eb0a1ca0f17e,57fcffae-e4de-4c42-8b3b-c198cb813cb8
9fdd18d2-ad9d-4fcf-8130-881a45b6feb4,2025-07-30 16:00:00,2025-07-30 19:00:00,1,cancelled,15164,d4f0ea08-5ca3-444e-a6ce-372471720a70,57fcffae-e4de-4c42-8b3b-c198cb813cb8
e21b1850-ba9b-4e1c-a35b-0662cff447bd,2025-07-06 21:00:00,2025-07-07 00:00:00,4,cancelled,21492,6410a4d6-31c7-40f9-86fe-c494b5501984,57fcffae-e4de-4c42-8b3b-c198cb813cb8
3fed6864-5657-4a2f-b101-cf02143244fd,2025-07-25 12:00:00,2025-07-25 13:00:00,3,cancelled,13012,7e6e36c0-1476-4c71-97eb-cc342ef79ea7,57fcffae-e4de-4c42-8b3b-c198cb813cb8
06b43fd9-fe70-447e-acb6-1bd3c35f0eb3,2025-08-03 21:00:00,2025-08-04 01:00:00,3,reserved,6072,976ba4dd-0169-4791-ad54-5b4b48d7d5a1,57fcffae-e4de-4c42-8b3b-c198cb813cb8
3d51dbe5-cd53-4b34-be69-aeaa97e48445,2025-07-07 14:00:00,2025-07-07 15:00:00,3,reserved,14513,bd3556b9-24fb-4346-8738-57375a34e3c1,57fcffae-e4de-4c42-8b3b-c198cb813cb8
9c060056-1652-44f5-9f0d-0f749e7ce4c6,2025-07-28 12:00:00,2025-07-28 13:00:00,3,reserved,26910,297452a9-2cbb-4bf3-9992-447782c75d42,57fcffae-e4de-4c42-8b3b-c198cb813cb8
f2261fdc-6049-4783-bf1b-443ffc9d5198,2025-07-05 10:00:00,2025-07-05 14:00:00,3,reserved,28346,092ee764-4b49-4052-a5a6-287ed9c3fadc,57fcffae-e4de-4c42-8b3b-c198cb813cb8
a7861efc-cbd5-4c8a-a41e-bf68773e5345,2025-07-30 09:00:00,2025-07-30 13:00:00,4,reserved,20832,5c639f4f-cf5b-44e6-8f4f-9001a88bd94d,57fcffae-e4de-4c42-8b3b-c198cb813cb8
6f6a755f-87fa-49fc-9cce-27123f5cb380,2025-07-16 14:00:00,2025-07-16 17:00:00,2,cancelled,25733,177cb815-f65f-48c9-abc9-1b0b1a4667e3,57fcffae-e4de-4c42-8b3b-c198cb813cb8
451f9b18-160b-4570-9238-8a19c17c6ddb,2025-07-09 23:00:00,2025-07-10 03:00:00,4,completed,20339,22223454-71b7-4afb-8c54-f8a48d3392ce,57fcffae-e4de-4c42-8b3b-c198cb813cb8
3dc4989a-444e-4957-8e64-beb9269f83c4,2025-07-09 10:00:00,2025-07-09 11:00:00,2,cancelled,18631,513607b7-6fc3-4f68-8c63-146e018bc395,57fcffae-e4de-4c42-8b3b-c198cb813cb8
046a6a0a-4773-4cfa-805c-5ed16832800b,2025-07-26 11:00:00,2025-07-26 15:00:00,4,cancelled,24041,01b37220-e5ac-4d6e-b5c8-3d0547bf5850,57fcffae-e4de-4c42-8b3b-c198cb813cb8
3553ceb7-f24a-4898-b6c1-df94e8d703eb,2025-07-12 20:00:00,2025-07-12 21:00:00,1,cancelled,29515,9331d320-4381-426d-86fe-4f3b638c13f3,57fcffae-e4de-4c42-8b3b-c198cb813cb8
61549ea2-3af9-46ba-bc07-c3e9526eddc9,2025-07-27 21:00:00,2025-07-27 22:00:00,2,cancelled,18483,b49b8ff3-c231-4d54-84a8-5eccaf700c27,57fcffae-e4de-4c42-8b3b-c198cb813cb8
7f36e458-db39-4b81-a199-95fc4ac92a1e,2025-07-11 13:00:00,2025-07-11 14:00:00,2,completed,11662,31364122-4b0f-4f82-a4ae-c43689ce433c,57fcffae-e4de-4c42-8b3b-c198cb813cb8
9cbd13f9-ca1d-451f-9628-718790931b3d,2025-07-26 09:00:00,2025-07-26 11:00:00,3,cancelled,18124,19269938-5eaf-4767-964d-2e8f70db4fdf,57fcffae-e4de-4c42-8b3b-c198cb813cb8
2eeb947e-869b-47e0-895f-b2d3fdad7ab8,2025-07-31 18:00:00,2025-07-31 22:00:00,2,reserved,15247,92b0a9cf-f16e-4552-80b9-f6ec65e35efb,57fcffae-e4de-4c42-8b3b-c198cb813cb8
6b02365f-5ac6-456a-b9c4-2f659c3b4636,2025-07-18 09:00:00,2025-07-18 12:00:00,1,cancelled,6949,e9190643-3520-4f3d-a0b7-bdd0cf231db6,57fcffae-e4de-4c42-8b3b-c198cb813cb8
18094f48-02a2-482d-9ceb-ee6f6005fe75,2025-08-04 23:00:00,2025-08-05 01:00:00,4,completed,16459,d9ddb452-b893-4b69-a185-8f54a395e74d,57fcffae-e4de-4c42-8b3b-c198cb813cb8
b51eb691-5f9c-40e7-b158-6698fa721fc8,2025-07-22 15:00:00,2025-07-22 17:00:00,1,completed,11117,304cc04f-bd89-448f-aa79-77809a58d2db,57fcffae-e4de-4c42-8b3b-c198cb813cb8
f466d51e-3e70-4ae3-82aa-402fab999269,2025-07-15 22:00:00,2025-07-15 23:00:00,2,completed,17049,16937780-6072-4296-9e0f-f7ea99ae772d,57fcffae-e4de-4c42-8b3b-c198cb813cb8
3238544a-f67c-42e3-bc97-baff57b977fb,2025-07-31 22:00:00,2025-08-01 01:00:00,2,reserved,16473,d1b28469-f53f-450f-956b-1299368eb3b3,57fcffae-e4de-4c42-8b3b-c198cb813cb8
8321b6ef-d352-4c6a-8ec8-68191719029e,2025-07-05 10:00:00,2025-07-05 12:00:00,1,reserved,11411,7df765ab-2cd4-4c56-bb5f-2674e99a7c9a,57fcffae-e4de-4c42-8b3b-c198cb813cb8
4f88f102-a964-4abe-b591-708ba0f52ba9,2025-07-22 10:00:00,2025-07-22 14:00:00,4,reserved,19932,8cdb14f8-1361-4925-8898-62544e9af77a,57fcffae-e4de-4c42-8b3b-c198cb813cb8
c2959ed8-4648-4744-8406-7a74725372b8,2025-07-11 23:00:00,2025-07-12 00:00:00,2,completed,29334,97abb4dd-2914-49c5-96f8-ff507f12a36a,57fcffae-e4de-4c42-8b3b-c198cb813cb8
08f171a3-fa64-4dba-867f-3dfad38aeab1,2025-07-23 23:00:00,2025-07-24 00:00:00,1,reserved,23435,2ee1b518-4beb-4ae5-add2-f5c4b8d7ffe2,57fcffae-e4de-4c42-8b3b-c198cb813cb8
a8159d2c-583d-4e04-8dfb-4b9238e0d2f3,2025-07-18 16:00:00,2025-07-18 17:00:00,3,completed,13753,7778a1fc-b702-4c1a-a878-b0ac71316196,57fcffae-e4de-4c42-8b3b-c198cb813cb8
8eaef690-2e5c-4f55-9f7f-1d42ee3ec958,2025-07-24 11:00:00,2025-07-24 12:00:00,2,reserved,7098,18249999-2e5f-4909-b884-2075acdc6fa3,57fcffae-e4de-4c42-8b3b-c198cb813cb8
2d3850a3-643c-434a-bc94-1544d2458b31,2025-07-21 19:00:00,2025-07-21 21:00:00,4,reserved,6210,7dc14973-4ba2-40b4-b5b8-7b97a6c4b694,57fcffae-e4de-4c42-8b3b-c198cb813cb8
e339095e-ec38-4775-bf24-06b2711a8cd2,2025-07-28 13:00:00,2025-07-28 17:00:00,4,reserved,18712,975e3e06-b3b1-4f07-806e-3514dd2e3fed,57fcffae-e4de-4c42-8b3b-c198cb813cb8
f14d867c-213d-4a93-8b83-457a27c5888e,2025-08-04 13:00:00,2025-08-04 16:00:00,2,completed,24301,2b71e3f1-a2c7-4314-9fd1-8344b24593d2,57fcffae-e4de-4c42-8b3b-c198cb813cb8
d5a39266-c5a7-4476-8682-289a97d3f89e,2025-07-13 10:00:00,2025-07-13 14:00:00,3,completed,14467,9b2b26b0-b4f3-4673-bf55-a0937f396b47,57fcffae-e4de-4c42-8b3b-c198cb813cb8
7d33777b-be34-4f6c-99a4-0310c58407af,2025-07-28 18:00:00,2025-07-28 21:00:00,3,completed,20434,685a0a67-b169-4b10-9c66-3dc60cb4b0b1,57fcffae-e4de-4c42-8b3b-c198cb813cb8
842b48b7-5f08-4ddd-bf54-a5cca984f2d3,2025-07-31 18:00:00,2025-07-31 21:00:00,4,reserved,21275,6e6280a2-423a-4946-bf1d-23046938722a,57fcffae-e4de-4c42-8b3b-c198cb813cb8
d711dbc7-c101-4f88-ad57-7916e9ce84f4,2025-07-18 20:00:00,2025-07-18 23:00:00,3,reserved,13260,f5032ebf-0820-4478-9462-1dd48dd48a76,57fcffae-e4de-4c42-8b3b-c198cb813cb8
5df2e659-d8e6-4d4e-ba5b-4742b76b3b23,2025-07-19 13:00:00,2025-07-19 15:00:00,1,completed,25190,ac01a711-55aa-47b9-813d-d4567b56919e,57fcffae-e4de-4c42-8b3b-c198cb813cb8
bb6cf60b-6a02-459e-8b81-1f6fca0dc952,2025-08-04 16:00:00,2025-08-04 20:00:00,1,reserved,24866,d11c5679-36ba-4b24-b585-89ef0aa33b9c,57fcffae-e4de-4c42-8b3b-c198cb813cb8
b9668a63-fe38-4f78-8b4c-45fd5d956f39,2025-07-09 18:00:00,2025-07-09 19:00:00,3,reserved,18230,049ad095-8301-43e4-8b48-67d3cd491988,57fcffae-e4de-4c42-8b3b-c198cb813cb8
130b65c8-d672-4d49-be5a-e2b1de522600,2025-07-18 09:00:00,2025-07-18 12:00:00,4,reserved,7218,1dd71b24-aca3-4835-a299-4c945bf343c4,57fcffae-e4de-4c42-8b3b-c198cb813cb8
40567902-2134-444a-a6fe-f07ce55c5438,2025-07-05 14:00:00,2025-07-05 16:00:00,2,completed,23964,4f2a2b74-06f1-485c-b341-0befb19e0fb2,57fcffae-e4de-4c42-8b3b-c198cb813cb8
af84349e-1eea-44d2-9b9d-53484fea231e,2025-07-23 18:00:00,2025-07-23 19:00:00,2,reserved,27944,d1fe297a-ad1b-4c94-a2a2-e11fcc73d14e,57fcffae-e4de-4c42-8b3b-c198cb813cb8
b5861027-4c2d-42da-9956-026b8b8e240b,2025-07-09 19:00:00,2025-07-09 23:00:00,4,completed,14740,18182927-0a8e-4bb6-851b-cd3c3e63dce2,57fcffae-e4de-4c42-8b3b-c198cb813cb8
8360de72-210e-4357-82ca-3ef53268cd2e,2025-07-16 10:00:00,2025-07-16 11:00:00,4,reserved,23480,2ddbb204-c7c6-400f-8c24-bd604c5d7a0c,57fcffae-e4de-4c42-8b3b-c198cb813cb8
03d790f4-c01c-4f02-bb53-7e01347c9129,2025-07-06 21:00:00,2025-07-07 00:00:00,2,completed,10468,794774b9-dc51-4653-92f2-359b80fb2c83,57fcffae-e4de-4c42-8b3b-c198cb813cb8
1223ac42-ff75-41eb-957f-9c6b89a07b22,2025-07-14 14:00:00,2025-07-14 15:00:00,4,completed,22216,356eaca7-db65-4a73-a707-a61966288ff3,57fcffae-e4de-4c42-8b3b-c198cb813cb8
35461202-ec9c-4ec5-a6ff-8592d0e8a8e0,2025-07-21 10:00:00,2025-07-21 11:00:00,4,completed,27862,874257d8-24ee-4b5f-a688-343b6e6b48a0,57fcffae-e4de-4c42-8b3b-c198cb813cb8
7bd1acf4-fa94-4b8d-9213-2e99bfb6ca1f,2025-07-22 16:00:00,2025-07-22 17:00:00,1,reserved,20911,cbe46b2f-ba8f-4ebe-b7e6-eb4b5d2e9ab7,57fcffae-e4de-4c42-8b3b-c198cb813cb8
7624e68a-cf24-48e7-b970-8ff7d3505a00,2025-07-21 22:00:00,2025-07-21 23:00:00,1,completed,13318,706995f3-b481-4ddf-989f-dfc0777270a4,57fcffae-e4de-4c42-8b3b-c198cb813cb8
3d1bbe2b-2fcb-4bc2-8ed3-761723c75279,2025-07-24 23:00:00,2025-07-25 02:00:00,1,reserved,15011,f5d5e64e-5648-4163-9210-83fbe37d4682,57fcffae-e4de-4c42-8b3b-c198cb813cb8
bab2829f-5ee3-4673-828c-8b0050e3cca5,2025-07-10 12:00:00,2025-07-10 16:00:00,1,completed,16692,a1aee32b-1a63-4216-9a00-c967d23130e6,57fcffae-e4de-4c42-8b3b-c198cb813cb8
123809e0-773f-4201-8261-d92bbc316450,2025-08-01 10:00:00,2025-08-01 14:00:00,2,reserved,8704,c6b0b1a5-ef76-4ed4-a3ec-3a8a96f00118,57fcffae-e4de-4c42-8b3b-c198cb813cb8
013a1037-3af8-40e1-bfed-187a93583d40,2025-07-21 14:00:00,2025-07-21 15:00:00,4,completed,16727,3f3b213c-7872-49eb-b412-8323f5eeda49,57fcffae-e4de-4c42-8b3b-c198cb813cb8
a465381f-158c-41ec-a177-d1da22e56504,2025-07-16 09:00:00,2025-07-16 10:00:00,4,completed,11905,dc2a01d7-e3fa-4db3-88d7-cb0cef90a8c7,57fcffae-e4de-4c42-8b3b-c198cb813cb8
de5523d9-a9d7-47dc-8a94-da26aa7ec80e,2025-08-04 20:00:00,2025-08-04 21:00:00,4,completed,25880,38afdfe9-f695-443d-92db-5de05af95515,57fcffae-e4de-4c42-8b3b-c198cb813cb8
c966cffb-32bf-47df-bb49-8ec29ba1dd6d,2025-07-15 13:00:00,2025-07-15 14:00:00,1,completed,14481,f629afdb-e3f8-4248-b006-0e37af83036f,57fcffae-e4de-4c42-8b3b-c198cb813cb8
0b156bb3-3bc6-4a4e-b241-fa9e4ab7f44e,2025-07-22 11:00:00,2025-07-22 12:00:00,3,reserved,8428,522fca30-a644-4c44-9cce-2d9e4296da76,57fcffae-e4de-4c42-8b3b-c198cb813cb8
a4b6b413-5768-4d06-bf8d-22b057e930c1,2025-08-01 22:00:00,2025-08-02 01:00:00,3,reserved,15195,86d6195e-b165-4c6e-89a5-914204758326,57fcffae-e4de-4c42-8b3b-c198cb813cb8
d5efbe65-768f-463b-92be-3e02705a5a78,2025-08-04 21:00:00,2025-08-04 23:00:00,2,reserved,29208,89e6bd45-ba68-44f3-a00a-99447163f648,57fcffae-e4de-4c42-8b3b-c198cb813cb8
165c8cff-501d-4e15-8f73-37ddf0e6746e,2025-07-13 18:00:00,2025-07-13 22:00:00,4,reserved,10774,89bc4735-9623-492a-8bc9-acf7964f3d75,57fcffae-e4de-4c42-8b3b-c198cb813cb8
ab69a9c4-cb64-4399-872e-8b4259e065b0,2025-07-22 22:00:00,2025-07-23 01:00:00,3,reserved,7590,47be2d32-d6bb-40b6-8a67-288a5bb174fc,57fcffae-e4de-4c42-8b3b-c198cb813cb8
ddd2d2bd-6770-432d-88d4-89bffed9224d,2025-07-27 21:00:00,2025-07-27 23:00:00,2,reserved,26511,6e376982-43d8-466d-83fc-8848e0779dce,57fcffae-e4de-4c42-8b3b-c198cb813cb8
6dbb686e-7cf3-48a3-a603-2754fee2479c,2025-07-06 15:00:00,2025-07-06 16:00:00,4,completed,18055,5c32eb17-4ef7-42c9-98e6-69a77a306821,57fcffae-e4de-4c42-8b3b-c198cb813cb8
e86d1d56-3789-42b5-ac98-2548520d93f4,2025-07-26 23:00:00,2025-07-27 00:00:00,4,completed,13398,6dab2331-684c-486a-b19f-1b43ea2bebcc,57fcffae-e4de-4c42-8b3b-c198cb813cb8
0cb3b92c-049f-4ddb-a156-3d378773812d,2025-07-15 10:00:00,2025-07-15 13:00:00,2,completed,25530,d0c46c13-4a0d-4d99-ad91-6712c861ea41,57fcffae-e4de-4c42-8b3b-c198cb813cb8
824e9f37-3bc3-4591-81d9-0f7ab8a9e4cf,2025-07-06 09:00:00,2025-07-06 10:00:00,4,completed,27627,80e36a49-f51d-44c9-907e-95ff50551486,57fcffae-e4de-4c42-8b3b-c198cb813cb8
559c5fec-e76a-40c1-9f7c-7fb3884614e0,2025-08-03 19:00:00,2025-08-03 21:00:00,3,completed,28783,db4096a1-bcd6-4a8b-96bf-3ffb47ab8f3c,57fcffae-e4de-4c42-8b3b-c198cb813cb8
232af67c-0be5-4c1b-9c7c-be8a1f89ef73,2025-08-04 19:00:00,2025-08-04 21:00:00,3,reserved,11281,221e0f63-7ab7-40bb-bb44-ed810097cd33,57fcffae-e4de-4c42-8b3b-c198cb813cb8
87d40605-a6ab-479b-a65b-bead72b79360,2025-07-17 18:00:00,2025-07-17 19:00:00,2,reserved,13991,70b0e1bb-b06b-487a-b056-ccf5b194c234,57fcffae-e4de-4c42-8b3b-c198cb813cb8
efea5118-997a-49c1-944f-eb1a652b3542,2025-07-30 22:00:00,2025-07-31 00:00:00,1,reserved,9533,978afba4-a032-488b-99f8-7c3e7828dee2,57fcffae-e4de-4c42-8b3b-c198cb813cb8
660bd4cb-a38e-4e06-a42a-28b931829f4a,2025-07-26 23:00:00,2025-07-27 01:00:00,1,reserved,22213,84ad4797-0299-48b3-90e4-af5342eb77ff,57fcffae-e4de-4c42-8b3b-c198cb813cb8
800317ba-5a78-44f7-945d-ce3d25e4a016,2025-07-06 15:00:00,2025-07-06 18:00:00,1,completed,23587,16a96177-dc3f-4a6c-a62f-d22f530914f7,57fcffae-e4de-4c42-8b3b-c198cb813cb8
5c315fae-ff31-448b-a2d2-53478064b732,2025-07-11 23:00:00,2025-07-12 03:00:00,2,reserved,15006,190fed26-81b5-41d1-8305-ef85fbe95fec,57fcffae-e4de-4c42-8b3b-c198cb813cb8
c3e844e9-2b76-4ce7-a272-375f973cfad1,2025-08-04 14:00:00,2025-08-04 15:00:00,1,reserved,14437,8f51a623-dd26-4a67-8754-b7a7b3fbf757,57fcffae-e4de-4c42-8b3b-c198cb813cb8
222d8128-4eba-4a80-8782-72c94710a1a5,2025-07-15 15:00:00,2025-07-15 19:00:00,2,reserved,7089,a454b143-388c-4522-8698-35ddf6022011,57fcffae-e4de-4c42-8b3b-c198cb813cb8
2faeebf8-23c2-406e-84cd-b81564cbd7e6,2025-07-05 17:00:00,2025-07-05 20:00:00,1,completed,13586,9bf2ab3a-095e-412c-a065-4caefe1eca6a,57fcffae-e4de-4c42-8b3b-c198cb813cb8
694c9722-d8a3-4b02-8a58-8daf97f256c9,2025-08-03 10:00:00,2025-08-03 11:00:00,2,completed,10255,c50b7ee4-0f84-48ce-badb-b1330b56f864,57fcffae-e4de-4c42-8b3b-c198cb813cb8
c07fbc8f-81e8-470c-bd82-992a3299305c,2025-07-28 22:00:00,2025-07-29 01:00:00,1,reserved,23852,3278b620-05a3-44de-a8c6-64d7846c220c,57fcffae-e4de-4c42-8b3b-c198cb813cb8
bde31561-4b49-40a3-95ab-a7f048fa522a,2025-07-10 20:00:00,2025-07-10 23:00:00,4,reserved,7266,47e09f54-39bd-415d-abfd-3afdcaacf38b,57fcffae-e4de-4c42-8b3b-c198cb813cb8
ed51b5d5-c125-4905-9fd2-f8ef9df09e60,2025-08-03 17:00:00,2025-08-03 19:00:00,2,reserved,23193,e846a0c9-3b62-43f7-890d-90e8ac9bc750,57fcffae-e4de-4c42-8b3b-c198cb813cb8
ffb355b3-6574-4900-a782-cd30bae706f7,2025-07-30 11:00:00,2025-07-30 14:00:00,4,completed,9585,dd0941fa-d406-4770-9fdf-b8c9f051c531,57fcffae-e4de-4c42-8b3b-c198cb813cb8
2d88b390-0110-41b2-b264-0ff77c979477,2025-08-02 20:00:00,2025-08-03 00:00:00,3,reserved,7077,c0cf6e90-6b1b-4d7b-a850-beb0d81e788a,57fcffae-e4de-4c42-8b3b-c198cb813cb8
bfbc656b-4cea-4d38-b6ff-10450fe55938,2025-07-10 09:00:00,2025-07-10 11:00:00,3,completed,27018,e90df3ce-e7f3-4639-9a98-d682cdce9282,57fcffae-e4de-4c42-8b3b-c198cb813cb8
b05dd43d-89dd-4167-b159-b5505b98c696,2025-07-29 17:00:00,2025-07-29 18:00:00,1,reserved,17330,182629ae-f52c-43f4-93d5-f02e60ca7eb1,57fcffae-e4de-4c42-8b3b-c198cb813cb8
6525d8c0-824b-4687-82b6-562f48dd4394,2025-07-06 18:00:00,2025-07-06 22:00:00,4,completed,14190,4a48f0a6-966d-4202-8ae8-fb73d415e8b1,57fcffae-e4de-4c42-8b3b-c198cb813cb8
32caf1ea-1758-4512-a095-cd6e627d708d,2025-07-21 18:00:00,2025-07-21 20:00:00,1,completed,14137,838fac64-dab0-4e27-89d0-e11b79975ae4,57fcffae-e4de-4c42-8b3b-c198cb813cb8
aa1bde6d-4c67-4cec-b859-674db1170db7,2025-07-22 11:00:00,2025-07-22 12:00:00,3,completed,12786,790a71f2-1606-4c7b-b46f-ed46138bd2eb,57fcffae-e4de-4c42-8b3b-c198cb813cb8
b2d3ad05-7c96-4f87-a167-043a07cedc75,2025-07-27 12:00:00,2025-07-27 13:00:00,3,reserved,8174,5dcc718b-2fb8-41af-9c85-b49f4bca254a,57fcffae-e4de-4c42-8b3b-c198cb813cb8
5c2af72f-3e1e-40e4-bd96-9312b611c961,2025-07-08 16:00:00,2025-07-08 17:00:00,4,reserved,13674,2484ae50-2a0d-453c-9213-f76fe102b91f,57fcffae-e4de-4c42-8b3b-c198cb813cb8
ac6bdd66-20ae-44d3-9ec6-11844d1c9c9e,2025-07-15 22:00:00,2025-07-16 01:00:00,2,cancelled,16913,81211047-e4d5-435e-ab5c-852dcc4c8595,f0a306ca-ced1-475a-ba65-5163e76ebb01
b9ec3bcb-db16-49f3-aff9-0c5918d3794b,2025-07-27 19:00:00,2025-07-27 21:00:00,3,completed,10980,5f3e6114-2562-45eb-baea-9802b6e996fa,f0a306ca-ced1-475a-ba65-5163e76ebb01
fca54af0-e7ac-4b76-8ba3-ec66cec168cc,2025-07-07 21:00:00,2025-07-07 22:00:00,1,cancelled,10422,be8fbd8b-0f93-4a74-9f89-5052a6bb3756,f0a306ca-ced1-475a-ba65-5163e76ebb01
350a6a12-5650-42a8-81d3-32692b9b873c,2025-07-17 11:00:00,2025-07-17 14:00:00,1,reserved,28892,6ae37182-8a4c-4e33-88c4-106babe5dbfc,f0a306ca-ced1-475a-ba65-5163e76ebb01
7b7a3cc1-3a5a-45cc-a970-5d4a1338dda0,2025-07-25 14:00:00,2025-07-25 16:00:00,3,reserved,9574,a3268865-3781-41dd-860e-8986dba17607,f0a306ca-ced1-475a-ba65-5163e76ebb01
8e34cae1-856e-44c3-a833-e0a0fe896fae,2025-07-31 10:00:00,2025-07-31 13:00:00,1,reserved,18025,f5eb52ff-e1a2-4707-9fa5-9f0344e563bd,f0a306ca-ced1-475a-ba65-5163e76ebb01
d67630e5-0d72-4f2d-a323-40d2713674fd,2025-07-12 22:00:00,2025-07-13 02:00:00,3,reserved,28173,a4e4aea6-9d3a-43b8-8878-6687dbf163f7,f0a306ca-ced1-475a-ba65-5163e76ebb01
a76c342a-020c-4191-a68d-22833bb6b395,2025-07-18 18:00:00,2025-07-18 21:00:00,4,completed,22243,717c4ac7-45e9-45d8-9e3e-fbafd9c74a35,f0a306ca-ced1-475a-ba65-5163e76ebb01
aff324af-0578-44a4-a8d1-9e1ca4747e07,2025-07-09 19:00:00,2025-07-09 22:00:00,1,cancelled,10352,7a9dd33f-b660-422d-9e63-e091650ed05e,f0a306ca-ced1-475a-ba65-5163e76ebb01
462cc154-c7c9-4a15-98e7-850d54e987f6,2025-07-29 19:00:00,2025-07-29 21:00:00,4,reserved,27893,0f624334-3b4b-4451-950a-798958fed249,f0a306ca-ced1-475a-ba65-5163e76ebb01
754cb39e-37ab-4042-b043-537aafe58f15,2025-08-02 09:00:00,2025-08-02 12:00:00,2,cancelled,28871,6dbb9901-8e21-4ae7-b495-d5e8cf4db998,f0a306ca-ced1-475a-ba65-5163e76ebb01
7e337e1d-5e51-4a8e-aed6-9a8294a86bc1,2025-08-03 21:00:00,2025-08-04 01:00:00,3,cancelled,19934,b8ddfa03-db31-428b-9aea-bbbc0cfbb6c4,f0a306ca-ced1-475a-ba65-5163e76ebb01
308bb192-236b-43e2-a796-50e11a6891df,2025-07-29 22:00:00,2025-07-29 23:00:00,2,cancelled,24157,352235a0-eb07-4e2d-a22b-44c522f205b9,f0a306ca-ced1-475a-ba65-5163e76ebb01
234862f1-4952-4449-805c-2ccab21ef818,2025-07-21 09:00:00,2025-07-21 12:00:00,4,reserved,21470,d853e5ff-73df-49be-b3f3-74fec64fd76d,f0a306ca-ced1-475a-ba65-5163e76ebb01
5300cc8f-74b4-424a-87cd-34f7ed09f57f,2025-07-06 20:00:00,2025-07-06 22:00:00,3,reserved,15787,a6163955-22ad-4bf8-bbd1-a08a49e8a0b5,f0a306ca-ced1-475a-ba65-5163e76ebb01
65d5e8bf-d325-4747-8f05-9b739801dd4d,2025-07-09 21:00:00,2025-07-09 22:00:00,1,cancelled,12793,6064feac-9640-4224-921f-d6de229bc307,f0a306ca-ced1-475a-ba65-5163e76ebb01
256144af-7bf2-4ea9-90a9-0cdf90aba88f,2025-07-06 09:00:00,2025-07-06 10:00:00,3,reserved,10076,0ee037e4-4b80-4af9-aa85-c8cf24ed1268,f0a306ca-ced1-475a-ba65-5163e76ebb01
839648ef-4540-4e49-85dd-2aa848ab611b,2025-07-18 19:00:00,2025-07-18 22:00:00,3,completed,20116,10f6ac85-cc0b-498b-8f51-a32905636c21,f0a306ca-ced1-475a-ba65-5163e76ebb01
1e0bb62c-1af8-4633-b5af-6031309613ca,2025-07-05 13:00:00,2025-07-05 16:00:00,2,cancelled,8077,dfddcaff-cb3f-4e6c-93c7-ca341d47f05c,f0a306ca-ced1-475a-ba65-5163e76ebb01
d27b63b7-c520-432f-9b58-fa48a59ffce1,2025-07-17 11:00:00,2025-07-17 15:00:00,3,reserved,11466,68097d74-3e23-445e-8f6e-365e1876ea69,f0a306ca-ced1-475a-ba65-5163e76ebb01
dce47865-a411-4bb4-ab0a-b8f895914b6d,2025-07-29 20:00:00,2025-07-29 22:00:00,1,completed,12828,e057a143-ebe1-4689-ab8e-d56f1dbee16b,f0a306ca-ced1-475a-ba65-5163e76ebb01
8e0a5a75-3c49-4216-ae2e-5326f547ace1,2025-07-27 13:00:00,2025-07-27 17:00:00,2,completed,20785,552657e7-bd6e-47c9-9399-d88c1d40d338,f0a306ca-ced1-475a-ba65-5163e76ebb01
7b1e73af-5ace-43a2-a6c5-03b48f6ecea8,2025-07-14 09:00:00,2025-07-14 13:00:00,1,cancelled,16036,56459f22-a39a-461b-8235-d22c8ef62e38,f0a306ca-ced1-475a-ba65-5163e76ebb01
22670121-f673-4073-816f-75ae33a03d40,2025-07-26 18:00:00,2025-07-26 19:00:00,3,completed,20223,aaa1156d-bcf7-44ec-91ba-e60cec853c4a,f0a306ca-ced1-475a-ba65-5163e76ebb01
0a8da085-beb7-40c3-96e3-2e06bec20e89,2025-08-01 18:00:00,2025-08-01 19:00:00,4,completed,9248,36f99acc-f24b-4339-9083-54f8f7d8c7fb,f0a306ca-ced1-475a-ba65-5163e76ebb01
1ac6c1a6-a221-4434-8a45-b38cb50bbca2,2025-07-05 10:00:00,2025-07-05 13:00:00,4,cancelled,8718,097def07-b68d-466f-856e-a6727e9bd694,f0a306ca-ced1-475a-ba65-5163e76ebb01
d171ddfd-bdc5-4cac-930f-74a4ba1f907f,2025-07-26 16:00:00,2025-07-26 19:00:00,4,completed,19871,fd19b73a-8f7d-4416-88dc-05e6d71a8a7b,f0a306ca-ced1-475a-ba65-5163e76ebb01
1c70aaef-e22a-4edf-b8cf-7ba79db833dd,2025-07-13 10:00:00,2025-07-13 11:00:00,2,reserved,14577,da60d42e-097f-49e8-8506-e74be5f72236,f0a306ca-ced1-475a-ba65-5163e76ebb01
11b6fab8-582f-4dea-9dbb-85b792eaa3f8,2025-07-05 15:00:00,2025-07-05 18:00:00,3,reserved,18610,96875567-d892-46e6-8906-9de6aeaad1f6,f0a306ca-ced1-475a-ba65-5163e76ebb01
b2e6b00c-b8ac-4f56-816a-514168decd53,2025-07-10 14:00:00,2025-07-10 18:00:00,4,reserved,22410,1f202215-6f72-467f-bcd3-4a5e4d79f850,f0a306ca-ced1-475a-ba65-5163e76ebb01
5649cabd-0a1d-4e15-bc08-6ed27f607b74,2025-07-12 13:00:00,2025-07-12 15:00:00,2,reserved,14557,bdba9448-1b41-4237-9d1e-1a1d6dea9ffa,f0a306ca-ced1-475a-ba65-5163e76ebb01
553b5255-c465-4ee1-a0aa-7747a1024903,2025-07-22 20:00:00,2025-07-22 23:00:00,1,cancelled,9542,21ffe57a-0549-4f0e-8636-f620c190f13a,f0a306ca-ced1-475a-ba65-5163e76ebb01
62c0bf65-1299-4141-8c79-bfb3883a065f,2025-07-06 15:00:00,2025-07-06 16:00:00,1,reserved,29146,3cbae863-dd2e-4bcb-b830-53a78ca5c4c4,f0a306ca-ced1-475a-ba65-5163e76ebb01
0a906f59-1f9b-44cc-9eff-e53ad20226da,2025-07-16 12:00:00,2025-07-16 13:00:00,3,completed,12255,f840f18c-a715-4eb9-af65-e30931f82f4a,f0a306ca-ced1-475a-ba65-5163e76ebb01
7b9dd876-9a5f-48c4-ac50-2f61601914f3,2025-07-08 22:00:00,2025-07-08 23:00:00,4,completed,24580,b6ed88f9-459d-4335-85c5-70388ebfd199,f0a306ca-ced1-475a-ba65-5163e76ebb01
70fcb63a-18ca-4116-9e54-59fc1b4a004f,2025-08-01 17:00:00,2025-08-01 19:00:00,2,cancelled,29382,0af43550-070b-4e39-9a86-16583782e278,f0a306ca-ced1-475a-ba65-5163e76ebb01
6d26c4d2-d12f-479e-8c7e-05b5814edeef,2025-07-21 12:00:00,2025-07-21 15:00:00,1,reserved,11271,ff12e7c4-9033-456b-85fb-99c6cdb1f68f,f0a306ca-ced1-475a-ba65-5163e76ebb01
0ade83c9-2454-4a26-86a1-9bc807b17b2f,2025-07-29 12:00:00,2025-07-29 14:00:00,2,completed,28604,2846e1a4-c05b-46ac-bf0b-5351f2d833d8,f0a306ca-ced1-475a-ba65-5163e76ebb01
dcaa9a9a-b918-48bb-a53c-6242da1aeb48,2025-07-10 19:00:00,2025-07-10 22:00:00,4,cancelled,7914,76d4767d-66d0-4900-9afa-9da73fd1bb0c,f0a306ca-ced1-475a-ba65-5163e76ebb01
7447a1f3-822c-4ac3-9419-69a35a486158,2025-08-04 19:00:00,2025-08-04 20:00:00,3,reserved,23677,5d87aec7-ecd6-410d-9203-8daa87935f9c,f0a306ca-ced1-475a-ba65-5163e76ebb01
fcdf03d6-b49f-41d8-bdd1-bf4f9b61ff8a,2025-07-19 13:00:00,2025-07-19 16:00:00,2,completed,8410,4888b3e2-196a-465e-9ef4-eafa0da721e9,f0a306ca-ced1-475a-ba65-5163e76ebb01
9b5fac9f-7e1b-4785-aba6-a2311f2f7df9,2025-07-15 11:00:00,2025-07-15 14:00:00,2,completed,9155,65c19715-5136-4949-a63c-74fa4d97c4fa,f0a306ca-ced1-475a-ba65-5163e76ebb01
7c2def58-2a6f-4445-8a26-1877ee6b697b,2025-07-12 21:00:00,2025-07-12 23:00:00,2,cancelled,6620,a912677d-09df-42c2-8257-259a3f9990ac,f0a306ca-ced1-475a-ba65-5163e76ebb01
bf58af21-1edf-4d7d-b8ef-76c64a95efb3,2025-07-27 17:00:00,2025-07-27 18:00:00,3,completed,15846,9a29e1ee-ac99-41c2-80f0-8bcc720c6f8a,f0a306ca-ced1-475a-ba65-5163e76ebb01
390c3d3a-830a-42bc-b570-27d7d72e6bed,2025-07-05 22:00:00,2025-07-06 01:00:00,2,cancelled,18817,88dd1b4b-5e79-4ce5-b392-b44fa49d0a08,f0a306ca-ced1-475a-ba65-5163e76ebb01
327ec98c-422a-47ec-8173-ce89a2fef7ad,2025-08-01 11:00:00,2025-08-01 13:00:00,3,completed,22818,c691a8d7-deb0-4246-8471-8cafde249aef,f0a306ca-ced1-475a-ba65-5163e76ebb01
7825bcc1-d345-4a1e-9fca-e1f9634f2617,2025-07-26 11:00:00,2025-07-26 13:00:00,2,reserved,6282,2c4a1365-8199-4d30-86ea-19cfc9f8880a,f0a306ca-ced1-475a-ba65-5163e76ebb01
83ce067f-9bcf-4cbc-8212-82a976383322,2025-07-22 23:00:00,2025-07-23 01:00:00,4,completed,20374,d7aa4792-2eed-411e-b133-0c07b93b62ca,f0a306ca-ced1-475a-ba65-5163e76ebb01
29292f46-4d43-4a3b-a3f6-93bca6c3f3bd,2025-07-28 23:00:00,2025-07-29 00:00:00,2,reserved,18224,2a58bf9e-dcec-4430-b717-778a24d38401,f0a306ca-ced1-475a-ba65-5163e76ebb01
b567da96-71f7-49ec-8be5-d27799071aea,2025-08-01 11:00:00,2025-08-01 12:00:00,3,reserved,24467,b36be47f-4078-4d17-a8f7-5903869ff0a2,f0a306ca-ced1-475a-ba65-5163e76ebb01
54833112-8f2f-448a-97b7-d6358e2a3f39,2025-07-28 12:00:00,2025-07-28 14:00:00,2,reserved,21364,d51c1483-9d79-46f6-9b0d-4d0c53eb8484,f0a306ca-ced1-475a-ba65-5163e76ebb01
5b3d91ea-dc7f-4604-9b36-3e5e58282820,2025-07-09 18:00:00,2025-07-09 19:00:00,4,reserved,16656,c2377809-b016-4bf7-9e80-ff5537f0c7e9,f0a306ca-ced1-475a-ba65-5163e76ebb01
022f0f1c-b6a2-4159-876c-f2bd48e6bb11,2025-07-13 20:00:00,2025-07-14 00:00:00,4,completed,10580,06ee4691-6190-47c4-a1d5-1075f795bd62,f0a306ca-ced1-475a-ba65-5163e76ebb01
07dc6c22-3915-4454-8cd5-89875f97ae1b,2025-08-01 21:00:00,2025-08-01 23:00:00,2,reserved,25205,1d5887d7-5b26-471d-bcb2-76bd71af7c7d,f0a306ca-ced1-475a-ba65-5163e76ebb01
14f22c75-8d75-4c54-bb8f-c98a02a1cd62,2025-07-18 21:00:00,2025-07-19 00:00:00,4,reserved,25895,7e0b2d6b-dee8-4ea8-99ef-db72a8077acd,f0a306ca-ced1-475a-ba65-5163e76ebb01
a49bf515-1534-455f-93f0-584e602e42df,2025-07-21 17:00:00,2025-07-21 20:00:00,3,completed,17014,cab55bae-125b-4b76-b673-1d48514dbf5b,f0a306ca-ced1-475a-ba65-5163e76ebb01
fb5b5421-f546-457a-a892-97ec7a87bc1c,2025-07-05 09:00:00,2025-07-05 10:00:00,2,completed,25502,53c49c5f-9111-4d62-b8a3-834e6277da99,f0a306ca-ced1-475a-ba65-5163e76ebb01
1ae29a12-2c9b-483c-8f81-95bdf588f3e1,2025-07-22 16:00:00,2025-07-22 17:00:00,1,completed,11946,349eba01-6043-4183-a654-165f6cc3c24f,f0a306ca-ced1-475a-ba65-5163e76ebb01
e5bac875-8892-4a8c-a971-5664053f9c16,2025-07-05 11:00:00,2025-07-05 14:00:00,1,reserved,19836,ba404867-b66c-493a-8801-db9c2552aa03,f0a306ca-ced1-475a-ba65-5163e76ebb01
ce0e7d26-1508-41d9-bf09-d941c9ec1ec2,2025-07-20 14:00:00,2025-07-20 18:00:00,1,reserved,26995,bfe66f3b-85ce-4700-b4ce-3c5f1eb18793,f0a306ca-ced1-475a-ba65-5163e76ebb01
4b26d53e-ad94-4b63-a8a6-893cdc051bab,2025-07-31 22:00:00,2025-08-01 01:00:00,4,reserved,6850,f467d4d8-bf53-431e-b841-38faa1daca25,f0a306ca-ced1-475a-ba65-5163e76ebb01
e9149bef-37da-4cd8-879b-74ad8a6e5aff,2025-07-27 12:00:00,2025-07-27 14:00:00,3,completed,18118,60de2b1e-e9a0-4443-b519-7c5894253ac0,f0a306ca-ced1-475a-ba65-5163e76ebb01
7f776fb3-dfe6-4a64-a42d-b13ede0ddb9c,2025-07-13 17:00:00,2025-07-13 18:00:00,2,reserved,28729,ebff8582-792d-4e5e-a5ce-79537ca073b4,f0a306ca-ced1-475a-ba65-5163e76ebb01
d10f0394-c93d-4b55-95be-3ee7e8275468,2025-07-16 13:00:00,2025-07-16 16:00:00,2,reserved,14388,f72d4392-685b-4d1e-b459-816740a6b4ba,f0a306ca-ced1-475a-ba65-5163e76ebb01
c5179d87-a6a1-4700-a5e5-0f2f7fed7d1f,2025-07-29 10:00:00,2025-07-29 14:00:00,4,completed,27953,c5c058bf-3643-45ca-978c-7f8f9f8a577e,f0a306ca-ced1-475a-ba65-5163e76ebb01
a0e33fdd-ec61-4457-973c-01596ad0973b,2025-07-28 16:00:00,2025-07-28 19:00:00,1,completed,24534,3f756fa0-7b46-44d4-939b-ac301687fd72,f0a306ca-ced1-475a-ba65-5163e76ebb01
820060cc-5938-45eb-b152-4d5f8aadd067,2025-07-26 18:00:00,2025-07-26 21:00:00,4,reserved,22621,bdacdcc6-c580-4ca9-9155-f43da076257b,f0a306ca-ced1-475a-ba65-5163e76ebb01
a4013961-33e8-4e87-8ac8-718c8074ef24,2025-07-05 14:00:00,2025-07-05 17:00:00,3,reserved,20082,30f1549f-29bb-4808-ba18-7016d294aae8,f0a306ca-ced1-475a-ba65-5163e76ebb01
648c7f44-1ee2-454a-bca4-54e73865d4ba,2025-07-31 21:00:00,2025-07-31 22:00:00,2,completed,28340,e95435a6-97c4-4ac6-9558-c0e6553b2597,f0a306ca-ced1-475a-ba65-5163e76ebb01
bb149ed8-0d74-4221-9c96-12b0c49c973c,2025-07-17 19:00:00,2025-07-17 21:00:00,2,completed,7250,0387a814-3f32-4566-a7c5-243ceaa72f4c,f0a306ca-ced1-475a-ba65-5163e76ebb01
bd9c82b6-64ee-474d-94e1-e9865f5f1753,2025-07-23 11:00:00,2025-07-23 14:00:00,1,reserved,25731,0f4d741f-572c-47f5-981a-6d368ac34256,f0a306ca-ced1-475a-ba65-5163e76ebb01
fd7b1eff-059a-4b11-8573-91f7ddb09e6c,2025-07-10 21:00:00,2025-07-11 00:00:00,1,reserved,8310,66307bb6-c314-417f-9faa-c983e39d93f1,f0a306ca-ced1-475a-ba65-5163e76ebb01
60431c79-b9cf-404c-b428-8ceae112887d,2025-07-08 22:00:00,2025-07-09 01:00:00,3,reserved,13517,15b0f8a1-8d01-4784-9dfb-344ddd51b8e0,f0a306ca-ced1-475a-ba65-5163e76ebb01
08b5b789-bb3b-42b7-87f7-a271e760504f,2025-07-25 12:00:00,2025-07-25 15:00:00,4,completed,17784,93bc5f46-0bb0-48ee-8bb7-aaa0ea1b7abc,f0a306ca-ced1-475a-ba65-5163e76ebb01
f0ad1abe-58a6-48f3-8b31-b0db4a633668,2025-07-29 18:00:00,2025-07-29 22:00:00,1,reserved,20251,7f7fbb9c-672a-4e48-8113-7283321b41b2,f0a306ca-ced1-475a-ba65-5163e76ebb01
8a199736-4540-48f0-af78-6c5ead6b871f,2025-07-06 17:00:00,2025-07-06 21:00:00,2,reserved,22923,e1dcab6b-3851-4d20-a963-a7b298c25b0e,f0a306ca-ced1-475a-ba65-5163e76ebb01
ff8e5110-4ace-4170-8ceb-cb0b140cdec4,2025-07-23 09:00:00,2025-07-23 11:00:00,2,reserved,13218,e0a85bd3-d9ed-40c0-9f26-ce34e85855f0,f0a306ca-ced1-475a-ba65-5163e76ebb01
81d81f5c-4d92-4e86-bba5-bfbcb2621f2a,2025-07-05 10:00:00,2025-07-05 11:00:00,4,completed,8946,f37f81d9-87a0-44ca-ac7c-a0b6bc5a85d9,f0a306ca-ced1-475a-ba65-5163e76ebb01
8b077f52-3c2a-466c-8c19-b0f2cc7b4902,2025-07-28 15:00:00,2025-07-28 17:00:00,4,completed,29717,e2d356c2-923b-4917-9dd8-f5c85bc9632d,f0a306ca-ced1-475a-ba65-5163e76ebb01
18396f40-a9da-4d68-893b-c8310a771978,2025-07-10 17:00:00,2025-07-10 20:00:00,4,reserved,28227,0d1dea4f-b375-460c-aa9b-730eef156989,f0a306ca-ced1-475a-ba65-5163e76ebb01
5793dbc4-1a6d-4836-abee-b17e7c128f2a,2025-07-20 19:00:00,2025-07-20 23:00:00,1,reserved,18467,c5225928-8143-478d-91b5-705644c292dc,f0a306ca-ced1-475a-ba65-5163e76ebb01
afc4954d-249c-404a-a0da-34f4338471c1,2025-08-01 22:00:00,2025-08-01 23:00:00,3,completed,23509,892b5eb4-2306-465c-89f4-72c377038fac,f0a306ca-ced1-475a-ba65-5163e76ebb01
96b34b8e-2956-4877-9e16-2af3eb5fec07,2025-07-21 15:00:00,2025-07-21 18:00:00,1,completed,6259,0ed4b34e-3f2a-4bc5-8336-4045fe7659b5,f0a306ca-ced1-475a-ba65-5163e76ebb01
08969d32-83bf-4529-a8fe-10d589a421fa,2025-07-28 23:00:00,2025-07-29 00:00:00,4,completed,29999,188c0ab2-1430-495b-9a40-4301f0c5e898,f0a306ca-ced1-475a-ba65-5163e76ebb01
641f7f6d-61f1-463c-affa-e2f2f5803b91,2025-07-26 11:00:00,2025-07-26 12:00:00,4,completed,23381,cd564cee-9824-493f-a992-65062c8def94,f0a306ca-ced1-475a-ba65-5163e76ebb01
52fb82ab-d8be-4019-9859-dfed8fcfc40f,2025-07-15 22:00:00,2025-07-15 23:00:00,2,reserved,25038,4683254d-912d-4827-8fd6-5802cdd6709c,f0a306ca-ced1-475a-ba65-5163e76ebb01
62151d92-dd71-418d-93ac-b25e966a9aee,2025-07-14 21:00:00,2025-07-14 22:00:00,4,reserved,20262,7719d2da-7648-46ee-a813-d26d2b9f5a6c,f0a306ca-ced1-475a-ba65-5163e76ebb01
062bc5e3-ef4d-460d-9f29-2a8b03d79adf,2025-07-14 19:00:00,2025-07-14 23:00:00,1,reserved,24789,592666cb-ea8e-45eb-9897-a2930b0d7cf0,f0a306ca-ced1-475a-ba65-5163e76ebb01
dcd4d4a7-f9c2-4db0-88c3-0049055160b4,2025-07-24 12:00:00,2025-07-24 14:00:00,1,completed,25017,2852e182-401f-4e5f-b91a-26df214f6408,f0a306ca-ced1-475a-ba65-5163e76ebb01
1b9ead86-e8b1-4479-baaf-8d02308dc1a6,2025-07-20 14:00:00,2025-07-20 18:00:00,1,reserved,12829,ec950218-8cc8-40c4-b105-d544f7e8586a,f0a306ca-ced1-475a-ba65-5163e76ebb01
358d1bee-0eae-4dce-8966-152ca66bbb63,2025-07-08 09:00:00,2025-07-08 10:00:00,2,completed,11027,2a543956-bf27-43f0-819c-1164ae5778de,f0a306ca-ced1-475a-ba65-5163e76ebb01
1796285f-e983-4cfd-adee-0cd686c9712a,2025-07-10 20:00:00,2025-07-10 21:00:00,2,completed,12278,f2b8d6bb-bcc6-4592-b48d-cfdb065be244,f0a306ca-ced1-475a-ba65-5163e76ebb01
5c9b0ad1-0c13-4b37-ab2e-61be610ef21f,2025-07-13 14:00:00,2025-07-13 16:00:00,1,reserved,15510,08c5fa19-af14-40bd-a85e-b214cbe31305,f0a306ca-ced1-475a-ba65-5163e76ebb01
46520c59-8938-4dee-8385-3239c5476598,2025-07-20 09:00:00,2025-07-20 13:00:00,1,reserved,25256,704deffe-2ee8-474d-b0fc-85dd326b6dc3,f0a306ca-ced1-475a-ba65-5163e76ebb01
55ad0262-5346-4d0c-94eb-43617c6d4a9a,2025-07-10 18:00:00,2025-07-10 20:00:00,4,reserved,20665,bc991fbb-4f33-475e-9957-8e6ac56f8daa,f0a306ca-ced1-475a-ba65-5163e76ebb01
56ca1988-044d-41db-b6ae-15a1f73a2d31,2025-08-02 18:00:00,2025-08-02 20:00:00,3,reserved,20566,9565308f-3842-4ece-9ea0-77b83d37da41,f0a306ca-ced1-475a-ba65-5163e76ebb01
05ba7183-3603-42c5-8c28-96cabdd3ad13,2025-07-31 17:00:00,2025-07-31 18:00:00,3,completed,29725,dfeea148-5094-40d0-9842-82c5b5ce646d,f0a306ca-ced1-475a-ba65-5163e76ebb01
f527a108-a0a7-4bb4-83f4-ef56bb55b779,2025-08-01 14:00:00,2025-08-01 17:00:00,3,reserved,17326,2033589f-9700-4d79-8064-44f287a39e9c,f0a306ca-ced1-475a-ba65-5163e76ebb01
3e0b39bf-0cef-44ed-88dd-fe844909998f,2025-07-15 20:00:00,2025-07-15 22:00:00,2,completed,8166,a9c152c2-ceda-483b-a252-b7038fc5e83d,f0a306ca-ced1-475a-ba65-5163e76ebb01
0b3174fb-9c16-4e03-b03b-26f3eb7efb92,2025-07-25 09:00:00,2025-07-25 12:00:00,1,reserved,7954,d12a7209-402f-4121-ba79-d924ea2806d5,f0a306ca-ced1-475a-ba65-5163e76ebb01
50590e4c-33ab-41ab-8f31-a7619867eb7b,2025-07-23 18:00:00,2025-07-23 19:00:00,4,reserved,17473,ab991d5b-d321-46e7-8294-0d2e1567be28,c78c800a-7d39-40d6-aa30-7759ff99fc7a
e4a0f826-f73f-43ab-9dc6-3671e48ebe42,2025-07-21 17:00:00,2025-07-21 18:00:00,6,completed,24845,b1356419-d2e1-488b-aff2-09533d8ff15a,c78c800a-7d39-40d6-aa30-7759ff99fc7a
c136c542-9c72-486d-8847-c08ad849f5d7,2025-07-25 23:00:00,2025-07-26 03:00:00,5,completed,11415,e79084cb-269b-408b-8397-1541733eefee,c78c800a-7d39-40d6-aa30-7759ff99fc7a
1134ab29-6f75-4330-a014-f9b62b043008,2025-07-23 23:00:00,2025-07-24 01:00:00,6,reserved,22282,ef7421b9-dc95-4f99-ae56-05b7f739e896,c78c800a-7d39-40d6-aa30-7759ff99fc7a
ca820892-3fdd-4fb2-b9d3-9a9eb3d3ffa3,2025-07-22 23:00:00,2025-07-23 02:00:00,4,completed,14293,cb6c17ac-e78c-43ef-92f0-d2ce979cc984,c78c800a-7d39-40d6-aa30-7759ff99fc7a
8df02c50-1ca7-42a7-a2db-bd7b1d38efc0,2025-07-27 21:00:00,2025-07-27 23:00:00,7,completed,25879,d0d8aa0f-d1d9-42e1-9ba4-882853cd6da2,c78c800a-7d39-40d6-aa30-7759ff99fc7a
721b57ef-f4ee-4b0f-8a79-9073a290d181,2025-07-31 18:00:00,2025-07-31 19:00:00,8,reserved,8241,61068e57-0da2-4a5f-9005-8848468c1225,c78c800a-7d39-40d6-aa30-7759ff99fc7a
018835c7-23e6-4e71-8810-db527ba22b56,2025-07-10 09:00:00,2025-07-10 11:00:00,1,completed,18117,d5bb244e-94ff-4959-b730-00aff12f3fed,c78c800a-7d39-40d6-aa30-7759ff99fc7a
74d7bdf5-a9f4-4b96-903e-12ed98fe4165,2025-07-09 17:00:00,2025-07-09 19:00:00,7,reserved,17569,d5dd7864-d0ff-4003-8874-267eead89590,c78c800a-7d39-40d6-aa30-7759ff99fc7a
59b29c2d-85c8-4397-b90a-3a75c0d54607,2025-07-11 20:00:00,2025-07-12 00:00:00,8,cancelled,25853,7d13721d-f8d9-4e98-a2c0-b8dbbb01ad6a,c78c800a-7d39-40d6-aa30-7759ff99fc7a
9413e7fa-6ed5-45d1-91d8-1809210c8045,2025-07-23 09:00:00,2025-07-23 11:00:00,2,reserved,12218,b42b22ec-a8f1-4f08-9d81-b1202fa574ab,c78c800a-7d39-40d6-aa30-7759ff99fc7a
d5dec80e-4fb6-45e9-a8ae-130c4c264a0c,2025-07-07 17:00:00,2025-07-07 18:00:00,5,completed,27373,baa3aac5-a48b-4121-a6d8-228b3817c5d2,c78c800a-7d39-40d6-aa30-7759ff99fc7a
0c9e25d5-0a19-4f4d-94c1-4d636b39b21b,2025-07-07 15:00:00,2025-07-07 18:00:00,7,completed,7086,7712bad2-fef4-476b-b4d2-8f3e386ec238,c78c800a-7d39-40d6-aa30-7759ff99fc7a
f41f9b31-9c01-4e0c-909a-20657aa0262f,2025-07-05 13:00:00,2025-07-05 14:00:00,8,completed,7958,514728e5-bdc3-4492-b8df-c55486025ce8,c78c800a-7d39-40d6-aa30-7759ff99fc7a
5869a92e-f6dd-4609-96ff-9a1007faa618,2025-08-03 20:00:00,2025-08-04 00:00:00,1,completed,27494,d59f188e-f85d-42e2-8ace-3f53026ad75b,c78c800a-7d39-40d6-aa30-7759ff99fc7a
5f78bfa5-ab0e-49a1-aa79-6a7d015c562b,2025-07-28 19:00:00,2025-07-28 20:00:00,2,cancelled,22623,fc7afac6-9a9e-47f3-878b-7c648fd0ff8e,c78c800a-7d39-40d6-aa30-7759ff99fc7a
386b5497-6dac-4e90-88cd-95f7d2016ac8,2025-07-18 15:00:00,2025-07-18 16:00:00,1,reserved,14800,79cb4d12-cce4-43ad-a70c-725c370bd7a4,c78c800a-7d39-40d6-aa30-7759ff99fc7a
eaf3ba6d-8be7-4bd7-9df3-329e18e4b819,2025-07-10 18:00:00,2025-07-10 22:00:00,4,reserved,6591,f54361f1-d9b3-44f6-b0c1-691b5e77d00b,c78c800a-7d39-40d6-aa30-7759ff99fc7a
a00a5111-ce46-4ba2-b1f8-5e40b8a369de,2025-07-13 22:00:00,2025-07-14 01:00:00,7,cancelled,19954,b8ff32ed-2add-4505-979b-4894e6543ca0,c78c800a-7d39-40d6-aa30-7759ff99fc7a
4294d60f-c317-4f90-9df6-0ddc2d72301c,2025-07-13 22:00:00,2025-07-14 02:00:00,6,completed,12021,e81887c9-d42b-439e-8b5c-408e8cc46023,c78c800a-7d39-40d6-aa30-7759ff99fc7a
38a1077a-ed2c-4829-bdcd-7a04511f9815,2025-07-10 20:00:00,2025-07-10 21:00:00,7,reserved,17720,9f9faddf-349e-49a2-8ba1-a1f013fa6483,c78c800a-7d39-40d6-aa30-7759ff99fc7a
dd240ae8-2334-4a5d-8ec2-2829128d1d8e,2025-07-05 13:00:00,2025-07-05 15:00:00,1,completed,29513,83d77278-7a71-44d9-a357-de91c0aa96a1,c78c800a-7d39-40d6-aa30-7759ff99fc7a
9f48bf73-6565-4397-b421-911a698fa584,2025-07-26 18:00:00,2025-07-26 20:00:00,5,completed,20003,8e0464de-cdd2-4680-bd3d-507870db6c3f,c78c800a-7d39-40d6-aa30-7759ff99fc7a
f6d29085-43fd-4da5-8bbd-735dd6a847df,2025-07-08 18:00:00,2025-07-08 22:00:00,3,cancelled,6865,db324f48-e306-465a-ac55-5c82919a239c,c78c800a-7d39-40d6-aa30-7759ff99fc7a
d34d42e5-1fc8-4fa0-aa89-621296b0c993,2025-07-14 13:00:00,2025-07-14 15:00:00,2,completed,16181,71fd07c1-daad-45c1-8370-aa5cd63fad48,c78c800a-7d39-40d6-aa30-7759ff99fc7a
675c7ff2-4429-43ee-be9c-d3b3520f75b6,2025-07-31 23:00:00,2025-08-01 00:00:00,4,completed,17204,6f6fdbc5-207d-4c1b-aa77-d1369164b15d,c78c800a-7d39-40d6-aa30-7759ff99fc7a
ace351fd-ab25-41f7-872e-19e632308392,2025-07-24 21:00:00,2025-07-24 23:00:00,5,cancelled,28226,6ccc6eac-1e6e-4fa8-bc48-e919d026ee5c,c78c800a-7d39-40d6-aa30-7759ff99fc7a
8cdc98df-7e8a-4c3d-90d1-f18c1204a444,2025-07-11 15:00:00,2025-07-11 18:00:00,1,completed,12700,cabccd2f-10de-4672-8840-2ba524adbc2b,c78c800a-7d39-40d6-aa30-7759ff99fc7a
e14c73d9-36fb-4326-96bf-40f074945c96,2025-07-15 10:00:00,2025-07-15 13:00:00,4,reserved,28654,a977d9af-e7f1-4319-915d-03fcc9703697,c78c800a-7d39-40d6-aa30-7759ff99fc7a
932131c2-d41b-4c9b-bf21-59dc6d15ca09,2025-07-12 12:00:00,2025-07-12 13:00:00,3,completed,20330,1e4fe631-6af7-4923-8fbf-3f2c3f2a0317,c78c800a-7d39-40d6-aa30-7759ff99fc7a
c266e26e-1200-4e05-b3f6-21e15467a959,2025-07-23 14:00:00,2025-07-23 16:00:00,6,cancelled,26887,5aa6496a-62b4-4b05-9444-2fcf81902fad,c78c800a-7d39-40d6-aa30-7759ff99fc7a
60b4ea7e-c092-4cee-a5fe-9b8de4cb25a7,2025-07-18 20:00:00,2025-07-18 22:00:00,8,cancelled,15786,dba98ef7-da33-4137-ba5e-1666545cf447,c78c800a-7d39-40d6-aa30-7759ff99fc7a
6ef1d4da-9f34-4507-ac5e-8bd42fa45399,2025-07-07 18:00:00,2025-07-07 19:00:00,6,reserved,18661,6daeac30-dc20-45cf-92d9-8f7b6c4c1036,c78c800a-7d39-40d6-aa30-7759ff99fc7a
99713296-298b-4541-a07e-988782160a91,2025-07-28 22:00:00,2025-07-29 02:00:00,1,cancelled,24903,0dba257c-6923-4752-be0d-b9dfa5740319,c78c800a-7d39-40d6-aa30-7759ff99fc7a
189c8cef-a040-4a7b-81e9-e3a078129949,2025-07-10 10:00:00,2025-07-10 14:00:00,1,reserved,23311,23599949-845a-43e3-8e03-887e88e4e9f2,c78c800a-7d39-40d6-aa30-7759ff99fc7a
c3a569a2-73cd-4eed-9e3c-929548541cdb,2025-07-20 13:00:00,2025-07-20 14:00:00,5,reserved,9901,26be2b13-eabc-468e-a672-7327db87a5c1,c78c800a-7d39-40d6-aa30-7759ff99fc7a
8fd61f23-5eca-434e-9d72-eda1193fd54e,2025-07-25 11:00:00,2025-07-25 15:00:00,1,completed,20620,5452ba7d-34b1-47f1-a96a-41603d9ab57a,c78c800a-7d39-40d6-aa30-7759ff99fc7a
7103da09-7e0c-4a55-a7d8-ee96eb66e80b,2025-07-22 09:00:00,2025-07-22 13:00:00,2,cancelled,7224,a8461ab5-306d-476b-9172-7a372f7d0898,c78c800a-7d39-40d6-aa30-7759ff99fc7a
a2b7add0-5264-4974-9c3f-1dbe6584a7c1,2025-07-23 18:00:00,2025-07-23 21:00:00,7,completed,26966,8af12a8a-5194-43ac-a4e9-505523e7e9cf,c78c800a-7d39-40d6-aa30-7759ff99fc7a
955f3421-6a46-402a-8476-c6e0dd934a44,2025-07-29 15:00:00,2025-07-29 18:00:00,1,reserved,15921,684b7724-f1ea-4201-ab3f-637d644d6f4b,c78c800a-7d39-40d6-aa30-7759ff99fc7a
f72cbdaa-a16d-47d3-85d0-3b3cdf495ec9,2025-08-01 09:00:00,2025-08-01 11:00:00,3,reserved,17907,fe8e1a75-c75c-46c6-bf0b-b50ede26f5cb,c78c800a-7d39-40d6-aa30-7759ff99fc7a
60b16210-3a6a-4b1a-be5d-722d7bb4718c,2025-07-09 10:00:00,2025-07-09 13:00:00,8,reserved,10145,90218f0a-61da-4ce1-a409-49b34bf1c7b9,c78c800a-7d39-40d6-aa30-7759ff99fc7a
e5cf6d2b-414c-4a45-842a-7c573568c7e3,2025-07-11 11:00:00,2025-07-11 14:00:00,3,reserved,9149,2b985489-0a4f-4f3a-a586-64743ae02c66,c78c800a-7d39-40d6-aa30-7759ff99fc7a
83a4ffd1-cbe8-4431-a82e-d85ff6f23e64,2025-08-02 14:00:00,2025-08-02 15:00:00,7,cancelled,9248,8d4d2d18-2d1a-49e7-8c93-d0d44d0d4c80,c78c800a-7d39-40d6-aa30-7759ff99fc7a
7bebee0d-19ce-452b-842b-c0833b4d446c,2025-07-13 20:00:00,2025-07-14 00:00:00,3,completed,7739,bcb8c425-35a1-443a-8a13-a8aedf4c872d,c78c800a-7d39-40d6-aa30-7759ff99fc7a
a671acd3-44a2-40a4-9869-2e2bebf48538,2025-07-07 09:00:00,2025-07-07 12:00:00,4,cancelled,20434,087d4c5f-e5af-4be5-b3ee-38a2e7d5a25e,c78c800a-7d39-40d6-aa30-7759ff99fc7a
df264a1a-9afd-4261-8fc1-e4a62d989a7a,2025-07-11 09:00:00,2025-07-11 11:00:00,2,completed,13211,a8df6a15-481c-4c0f-a130-cb5265a2f2f0,c78c800a-7d39-40d6-aa30-7759ff99fc7a
4d4a4d7e-8388-4b82-8fc1-94ebd56cb2ed,2025-07-10 10:00:00,2025-07-10 14:00:00,3,reserved,28056,9ccf90df-f387-4199-8768-5cbd7bdabba9,c78c800a-7d39-40d6-aa30-7759ff99fc7a
ab1a4899-be2b-47af-9fa8-04e357c78290,2025-07-10 11:00:00,2025-07-10 13:00:00,5,cancelled,21342,7138d2fc-86b3-4f71-88e1-1fbfc26943c3,c78c800a-7d39-40d6-aa30-7759ff99fc7a
e37ab29b-487c-45b2-97ff-6a3c735ef7bb,2025-07-22 11:00:00,2025-07-22 12:00:00,2,cancelled,6810,c50d06f1-20eb-4eb5-8b05-66ff4f15d96f,c78c800a-7d39-40d6-aa30-7759ff99fc7a
81e24b67-ca83-48c6-8e55-2f5bb0ae4c3d,2025-07-17 16:00:00,2025-07-17 18:00:00,5,cancelled,7509,519af3a4-4579-4c0e-b610-0303d06adf1f,c78c800a-7d39-40d6-aa30-7759ff99fc7a
5aabb226-336d-430a-8bb8-95ace137b778,2025-07-06 18:00:00,2025-07-06 19:00:00,7,cancelled,22569,7b1ed939-1c3e-4bc3-a3e7-c2a4a0cf4f88,c78c800a-7d39-40d6-aa30-7759ff99fc7a
f270bbf3-1691-4237-90e9-72dd25bbf15a,2025-07-14 20:00:00,2025-07-14 23:00:00,4,reserved,11741,06917cdb-30c9-46f3-9c5f-94fd92d237ab,c78c800a-7d39-40d6-aa30-7759ff99fc7a
d24d23b3-05cc-48a8-81c7-82643429eb98,2025-07-16 17:00:00,2025-07-16 19:00:00,7,completed,29798,d1886dba-8586-4aaa-84e3-0978d0e9d967,c78c800a-7d39-40d6-aa30-7759ff99fc7a
219534bb-3e09-41e8-8773-2af8a724f840,2025-07-14 13:00:00,2025-07-14 17:00:00,1,completed,6513,cab27481-12b7-47ee-a52b-46cd9d21e2e7,c78c800a-7d39-40d6-aa30-7759ff99fc7a
45b31264-11a3-448f-bf04-1660dffb4097,2025-07-22 11:00:00,2025-07-22 15:00:00,3,completed,13987,40bbd047-e82f-4775-96b1-f18e085ca29c,c78c800a-7d39-40d6-aa30-7759ff99fc7a
6b6a0e15-2134-47f4-8f87-aa52205449ba,2025-07-07 14:00:00,2025-07-07 16:00:00,8,reserved,15183,6a167023-f0e2-4763-808a-66f584c66ac5,c78c800a-7d39-40d6-aa30-7759ff99fc7a
dbdbf0f5-41d7-4291-aeac-91f93a821072,2025-07-21 09:00:00,2025-07-21 13:00:00,4,reserved,7664,e2923a75-80e6-4bd6-966e-5cf5c828030a,c78c800a-7d39-40d6-aa30-7759ff99fc7a
630138a4-3389-465f-8110-bbfb2f937c05,2025-07-14 23:00:00,2025-07-15 02:00:00,8,reserved,16133,8f90a3cd-4311-4d99-ab2c-f6bd061ae65a,c78c800a-7d39-40d6-aa30-7759ff99fc7a
d9010d1a-7e5f-4d39-ba79-6b80abdbc6dc,2025-07-05 10:00:00,2025-07-05 11:00:00,6,reserved,27804,ae6d5662-fb2b-468e-8bd5-b288ab964169,c78c800a-7d39-40d6-aa30-7759ff99fc7a
6855b27b-436c-41f3-9230-bc5ec994a392,2025-07-29 23:00:00,2025-07-30 02:00:00,1,completed,28910,1740c285-f67b-42bd-88ba-2ab5cfe9917a,c78c800a-7d39-40d6-aa30-7759ff99fc7a
7b48db73-edbc-41b4-85c4-550bd8efbf4b,2025-07-20 09:00:00,2025-07-20 10:00:00,5,reserved,10928,d4e33ad4-9fcc-4542-a113-d98fbc5bd95d,c78c800a-7d39-40d6-aa30-7759ff99fc7a
2a4ec67f-5132-42c9-81b8-15af4267b4d2,2025-07-20 14:00:00,2025-07-20 16:00:00,6,reserved,15744,3f3e76c1-63de-4add-8d6b-4b2aa8fce09e,c78c800a-7d39-40d6-aa30-7759ff99fc7a
92d28d29-c5fd-47b5-b707-577db085d007,2025-07-22 11:00:00,2025-07-22 15:00:00,8,completed,8433,396c265c-d737-4369-92e1-91649f29ce38,c78c800a-7d39-40d6-aa30-7759ff99fc7a
3d4ded0b-995c-4249-9dae-984282e1f39a,2025-07-08 17:00:00,2025-07-08 18:00:00,1,completed,24115,2b9d027f-1658-46d6-886e-6aac678175cb,c78c800a-7d39-40d6-aa30-7759ff99fc7a
936160a3-e898-406e-9a85-5f96e650c5b5,2025-07-27 12:00:00,2025-07-27 16:00:00,5,reserved,14284,e22f0b36-8581-4d9e-bca7-99866a452cd9,c78c800a-7d39-40d6-aa30-7759ff99fc7a
041d9546-5bd9-4bf3-b14c-6a7d479e739f,2025-07-28 09:00:00,2025-07-28 12:00:00,2,reserved,12762,1bf13036-85c2-43ed-956f-8c6e4d8d3e24,c78c800a-7d39-40d6-aa30-7759ff99fc7a
b07687f0-5d66-414b-8200-e3df944d71dc,2025-07-09 21:00:00,2025-07-09 22:00:00,5,completed,25320,102a4fc5-7a88-47d5-b569-5c6d99b9fdd9,c78c800a-7d39-40d6-aa30-7759ff99fc7a
f23aea70-af3c-4f90-bf0e-f2f6c9bf6304,2025-08-03 10:00:00,2025-08-03 11:00:00,7,reserved,6837,21478322-8dc8-43de-aa97-169cb1238574,c78c800a-7d39-40d6-aa30-7759ff99fc7a
b420a38d-f133-423c-814e-848d78d77b83,2025-07-26 15:00:00,2025-07-26 19:00:00,3,completed,8972,35ed7005-8679-4a1b-a76b-43aba2bc0816,c78c800a-7d39-40d6-aa30-7759ff99fc7a
2f4f9ffb-0857-43b2-8b58-3ca16511894f,2025-07-28 13:00:00,2025-07-28 14:00:00,5,completed,6229,31cd3062-9b27-4104-a8a6-71a47abae341,c78c800a-7d39-40d6-aa30-7759ff99fc7a
ccf38395-b1fa-4e4d-8c79-34fe83090197,2025-07-18 09:00:00,2025-07-18 11:00:00,4,completed,21038,91b7081c-b5eb-4972-b09b-4b21518423e8,c78c800a-7d39-40d6-aa30-7759ff99fc7a
949a03ab-225e-410f-ad43-16eeb7b3fd9e,2025-07-22 14:00:00,2025-07-22 17:00:00,7,completed,11474,b5789623-8322-4097-a766-bef9bd132dc9,c78c800a-7d39-40d6-aa30-7759ff99fc7a
ac1c08b0-2539-4e0b-b403-3eb1a1d9c0c4,2025-07-24 09:00:00,2025-07-24 10:00:00,4,reserved,26230,2461f490-d6b5-4441-8219-d5eccd4a64d3,c78c800a-7d39-40d6-aa30-7759ff99fc7a
1e90ab52-3304-416b-9fa7-4738e259d31c,2025-07-30 13:00:00,2025-07-30 16:00:00,3,completed,22768,db8d29d2-be7d-4254-98e3-148ee348b3f5,c78c800a-7d39-40d6-aa30-7759ff99fc7a
a1e74c80-edcc-4aa0-8ea7-cfdc96c63da4,2025-07-19 13:00:00,2025-07-19 17:00:00,2,completed,22616,2eb6d72d-ec9f-4be3-9992-73b85d245e23,c78c800a-7d39-40d6-aa30-7759ff99fc7a
8438ad4b-2188-4d70-8bee-d9e690000a16,2025-07-07 23:00:00,2025-07-08 01:00:00,8,completed,18815,8a70a5f7-b6fb-4ab1-9cf8-61c3860166b4,c78c800a-7d39-40d6-aa30-7759ff99fc7a
830def84-d0ad-453e-87d6-827af9dcecfc,2025-07-24 20:00:00,2025-07-24 22:00:00,7,completed,23847,57b6f7b3-1f7c-4367-9156-d09a13f34ca5,c78c800a-7d39-40d6-aa30-7759ff99fc7a
88434e04-2742-4738-992f-f42a8c629776,2025-07-27 17:00:00,2025-07-27 18:00:00,2,completed,19651,9a4c8596-7a2f-4d92-a279-6197342216da,c78c800a-7d39-40d6-aa30-7759ff99fc7a
e8058ad1-d3a2-47c6-9758-a28350dc4d47,2025-08-02 11:00:00,2025-08-02 12:00:00,5,reserved,17060,ceee8e12-3a55-43dc-92a1-cdeaf78f2316,c78c800a-7d39-40d6-aa30-7759ff99fc7a
1d943909-f03b-4654-a4fe-e466501e589a,2025-07-11 16:00:00,2025-07-11 20:00:00,6,completed,7345,35ec3287-0b9d-49f5-b4c5-a5e0222817c5,c78c800a-7d39-40d6-aa30-7759ff99fc7a
6430629b-3d6e-428b-a392-2c4988a0d81a,2025-07-13 13:00:00,2025-07-13 15:00:00,5,completed,14212,e2344160-d800-4367-b5cf-39ad616f015c,c78c800a-7d39-40d6-aa30-7759ff99fc7a
d6536287-a000-48c4-b945-e173e48d91c7,2025-08-02 22:00:00,2025-08-03 02:00:00,1,reserved,20872,a9cd79e0-9ab6-41c0-aac3-1b87ae75f5b8,c78c800a-7d39-40d6-aa30-7759ff99fc7a
b57d3173-4c0a-4f17-8839-ed0aa19ded61,2025-07-05 17:00:00,2025-07-05 18:00:00,5,reserved,11696,7009f885-21fe-4eed-9521-7bb6cc8e5b1b,c78c800a-7d39-40d6-aa30-7759ff99fc7a
30b007e9-0504-4a85-b146-30fd28bbfae1,2025-08-04 23:00:00,2025-08-05 01:00:00,7,completed,7459,f5c54bc3-64b6-4096-89c6-9a4934b94b4c,c78c800a-7d39-40d6-aa30-7759ff99fc7a
ac883599-66c7-4e1e-8c4a-5b86a41523eb,2025-07-24 13:00:00,2025-07-24 14:00:00,7,reserved,11119,b6ee9729-06a3-40c8-9560-448ab998bdcc,c78c800a-7d39-40d6-aa30-7759ff99fc7a
c6afb666-46e2-4335-b023-347eac232a93,2025-07-19 20:00:00,2025-07-19 21:00:00,3,reserved,20196,cd068b34-3162-4ec6-8169-10324ca518c6,c78c800a-7d39-40d6-aa30-7759ff99fc7a
0cec83f2-522a-4acc-ac89-fa731737b565,2025-07-25 16:00:00,2025-07-25 17:00:00,4,completed,18843,6a842e4c-2ea5-48ec-8949-52f6673d72af,c78c800a-7d39-40d6-aa30-7759ff99fc7a
08e5a29f-745f-4c60-a660-2017e7859b8e,2025-07-31 16:00:00,2025-07-31 19:00:00,6,completed,9813,58a59457-755c-4673-93f9-bbce28ff0a36,c78c800a-7d39-40d6-aa30-7759ff99fc7a
ccd998b8-d134-4163-93bb-6f654d998463,2025-07-09 13:00:00,2025-07-09 14:00:00,4,reserved,23914,d057d43c-2650-47ed-b723-ecaa66e3da9e,c78c800a-7d39-40d6-aa30-7759ff99fc7a
a6e32151-ce86-478e-829f-561417000322,2025-07-28 14:00:00,2025-07-28 18:00:00,8,reserved,28276,a7aa9ec6-16e9-45a1-a2b4-e3e0c40b33bd,c78c800a-7d39-40d6-aa30-7759ff99fc7a
884ce9e3-d538-443d-ae32-637fddb8ffa2,2025-07-26 23:00:00,2025-07-27 03:00:00,4,reserved,10158,c3ce2540-0f24-4a62-a8c1-0676e845ae72,c78c800a-7d39-40d6-aa30-7759ff99fc7a
40be5c4e-80e5-4dd2-90af-e07bc3903894,2025-07-13 17:00:00,2025-07-13 21:00:00,4,reserved,15572,03eec7ea-cd5c-4250-a616-f8074ae13c51,c78c800a-7d39-40d6-aa30-7759ff99fc7a
2c4b623d-c7c1-4a0d-990a-2ff8e637f064,2025-07-25 12:00:00,2025-07-25 16:00:00,1,reserved,23728,fcfa9b71-29f0-4c86-9206-69545ea7809b,c78c800a-7d39-40d6-aa30-7759ff99fc7a
2bd4c125-832c-4f6f-95e8-6596fc0b0ad8,2025-07-27 22:00:00,2025-07-28 02:00:00,7,reserved,22042,675e12e1-49af-4734-b95a-acda541f49b0,c78c800a-7d39-40d6-aa30-7759ff99fc7a
830342d8-194e-499e-9434-a7e78ef18d36,2025-07-26 23:00:00,2025-07-27 03:00:00,6,completed,25807,700abe29-8399-4b17-a8b8-5e6c181036d8,c78c800a-7d39-40d6-aa30-7759ff99fc7a
517e0380-481f-4a7a-a852-07bf50c2add9,2025-07-23 15:00:00,2025-07-23 18:00:00,5,completed,24651,ceba47b2-98d9-4de2-a655-b31f4df81120,c78c800a-7d39-40d6-aa30-7759ff99fc7a
f79aa8dd-affa-48df-bd33-638497ead238,2025-07-07 11:00:00,2025-07-07 15:00:00,2,completed,16751,3a4dd71b-613c-4727-a9a6-3363f6e5fb64,c78c800a-7d39-40d6-aa30-7759ff99fc7a
44c2988c-2777-498d-9a74-5181fec10831,2025-07-18 09:00:00,2025-07-18 10:00:00,2,completed,12210,a9cddd22-6475-4b28-9c52-3d9493cad1a2,c78c800a-7d39-40d6-aa30-7759ff99fc7a
6d952dfa-c3da-4cfe-b003-8abf9557a939,2025-07-30 15:00:00,2025-07-30 17:00:00,1,reserved,17898,5d087f21-64b7-4f39-96dd-22340ad0717f,c78c800a-7d39-40d6-aa30-7759ff99fc7a
